{
    "gemini-2.5-flash-lite-preview-06-17_{\"temperature\": 1, \"thinking_config\": {\"thinking_budget\": 20}}": {
        "GloVe": [
            75.52982330322266,
            74.67276763916016,
            83.12535095214844,
            82.54557800292969,
            79.17263793945312,
            76.7308349609375,
            78.86397552490234,
            75.64356231689453,
            77.53815460205078,
            66.94677734375,
            68.51171875,
            77.24748229980469,
            67.88399505615234,
            79.86459350585938,
            65.1406021118164,
            74.04281616210938,
            74.08287048339844,
            77.86442565917969,
            74.00250244140625,
            69.23927307128906,
            82.20259857177734,
            83.09770202636719,
            81.1141128540039,
            72.01316833496094,
            70.05712127685547
        ],
        "config": {
            "temperature": 1,
            "thinking_config": {
                "thinking_budget": 20
            }
        }
    },
    "gemini-2.5-flash-lite-preview-06-17_{\"temperature\": 1, \"thinking_config\": {\"thinking_budget\": 50}}": {
        "GloVe": [
            77.05673217773438,
            74.136962890625,
            72.33824157714844,
            70.72550964355469,
            77.66919708251953,
            74.69435119628906,
            83.91989135742188,
            65.31301879882812,
            71.13200378417969,
            72.6502914428711,
            78.81356811523438,
            80.37886810302734,
            85.51054382324219,
            70.05763244628906,
            76.53284454345703,
            73.84552764892578,
            73.07986450195312,
            72.05862426757812,
            73.9832992553711,
            73.62628936767578,
            78.84269714355469,
            65.31433868408203,
            87.99567413330078,
            73.84525299072266,
            68.92498016357422
        ],
        "config": {
            "temperature": 1,
            "thinking_config": {
                "thinking_budget": 50
            }
        }
    },
    "gemini-2.5-flash-lite-preview-06-17_{\"temperature\": 1, \"thinking_config\": {\"thinking_budget\": 100}}": {
        "GloVe": [
            78.75813293457031,
            76.25562286376953,
            74.57289123535156,
            78.14043426513672,
            75.10932159423828,
            76.18463897705078,
            72.80518341064453,
            82.42303466796875,
            69.46356964111328,
            68.72472381591797,
            66.96371459960938,
            82.7786865234375,
            75.23765563964844,
            76.94630432128906,
            76.39349365234375,
            84.07965087890625,
            88.59632873535156,
            80.65072631835938,
            79.571044921875,
            75.70530700683594,
            83.51750946044922,
            72.10604858398438,
            70.32023620605469,
            84.0767593383789,
            69.28202819824219
        ],
        "config": {
            "temperature": 1,
            "thinking_config": {
                "thinking_budget": 100
            }
        }
    },
    "gemini-2.5-flash-lite-preview-06-17_{\"temperature\": 1, \"thinking_config\": {\"thinking_budget\": 200}}": {
        "GloVe": [
            72.5727767944336,
            61.80155944824219,
            78.27725982666016,
            70.78852844238281,
            83.32886505126953,
            75.62419891357422,
            77.36105346679688,
            75.15962219238281,
            66.79025268554688,
            66.33595275878906,
            80.9592514038086,
            73.97246551513672,
            83.11183166503906,
            81.44600677490234,
            72.5007095336914,
            80.83039855957031,
            77.53843688964844,
            72.05806732177734,
            65.46134185791016,
            78.88600158691406,
            63.583900451660156,
            76.02985382080078,
            80.89710235595703,
            72.05281066894531,
            72.81195068359375
        ],
        "config": {
            "temperature": 1,
            "thinking_config": {
                "thinking_budget": 200
            }
        }
    },
    "gemini-2.5-flash-lite-preview-06-17_{\"temperature\": 1, \"thinking_config\": {\"thinking_budget\": 400}}": {
        "GloVe": [
            80.468994140625,
            74.64582061767578,
            79.68802642822266,
            83.59798431396484,
            67.88379669189453,
            70.34159851074219,
            70.49884796142578,
            80.87745666503906,
            84.82340240478516,
            65.6265869140625,
            86.2760238647461,
            78.21621704101562,
            77.39037322998047,
            76.11136627197266,
            85.40978240966797,
            75.22744750976562,
            69.51874542236328,
            66.95960998535156,
            85.95759582519531,
            84.12967681884766,
            79.18462371826172,
            73.43856048583984,
            78.51678466796875,
            73.05413818359375,
            77.86730194091797
        ],
        "config": {
            "temperature": 1,
            "thinking_config": {
                "thinking_budget": 400
            }
        }
    },
    "gemini-2.5-flash-lite-preview-06-17_{\"temperature\": 1, \"thinking_config\": {\"thinking_budget\": 300}}": {
        "GloVe": [
            72.50650787353516,
            66.89913940429688,
            86.4716796875,
            75.34711456298828,
            73.166259765625,
            70.69332885742188,
            79.18511962890625,
            77.59651184082031,
            71.94957733154297,
            73.73064422607422,
            76.37602996826172,
            65.2812271118164,
            69.21215057373047,
            77.47267150878906,
            75.16424560546875,
            74.6073989868164,
            78.02252197265625,
            86.69053649902344,
            82.75270080566406,
            74.65345001220703,
            76.81964874267578,
            67.83705139160156,
            63.280784606933594,
            75.40117645263672,
            78.79336547851562
        ],
        "config": {
            "temperature": 1,
            "thinking_config": {
                "thinking_budget": 300
            }
        }
    },
    "gemini-2.5-flash-lite-preview-06-17_{\"temperature\": 1, \"thinking_config\": {\"thinking_budget\": 1000}}": {
        "GloVe": [
            72.81459045410156,
            66.70277404785156,
            74.34900665283203,
            84.96468353271484,
            72.98551940917969,
            74.277099609375,
            73.82670593261719,
            71.4342269897461,
            66.28607177734375,
            78.04905700683594,
            66.38044738769531,
            77.48929595947266,
            76.92951202392578,
            73.27737426757812,
            85.37091827392578,
            78.41458129882812,
            63.458187103271484,
            80.91468811035156,
            76.27709197998047,
            68.3527603149414,
            82.23570251464844,
            78.66283416748047,
            70.53254699707031,
            55.21305847167969,
            78.25959014892578
        ],
        "config": {
            "temperature": 1,
            "thinking_config": {
                "thinking_budget": 1000
            }
        }
    },