{
    "gemini-2.0-flash_{\"temperature\": 0.5}": {
        "GloVe": [
            32.40325111511674,
            32.40325111511674,
            8.614452764206481,
            58.50420941805261,
            32.40325111511674,
            1.9731193359160917,
            82.77482418783384,
            44.61037817698717,
            62.70365067222171,
            59.7356812145956,
            32.40325111511674,
            44.61037817698717,
            56.11241193229352,
            96.72968906126032,
            60.060489347772794,
            79.39273287561755,
            45.11036301149972,
            32.40325111511674,
            0.062371522578060404,
            80.19482586512919
        ],
        "config": {
            "temperature": 0.5
        }
    },
    "gemini-2.0-flash_{\"temperature\": 0.625}": {
        "GloVe": [
            85.84679118316006,
            40.31239213270381,
            75.42763439041096,
            85.8467365619061,
            28.141990435400942,
            30.503693413947218,
            51.013196709828236,
            35.7281043223525,
            16.87469080752495,
            64.89403096078688,
            67.48264151032143,
            80.19482586512919,
            90.940306319492,
            0.36105590702437296,
            41.657954553644416,
            93.09124278105655,
            5.098784490599565,
            64.43427237746445,
            75.42763439041096,
            57.948212042367174
        ],
        "config": {
            "temperature": 0.625
        }
    },
    "gemini-2.0-flash_{\"temperature\": 0.75}": {
        "GloVe": [
            16.87469080752495,
            53.973666409107565,
            5.872507165128557,
            13.361523730502057,
            59.29131906155137,
            12.093440134919515,
            45.583500333184055,
            80.4128768387208,
            14.891690734205582,
            62.46929152403009,
            76.61314626360874,
            0.7658606779380931,
            9.079938967085926,
            83.84743252311532,
            0.1380067515098855,
            3.173832432342586,
            1.9949199473584065,
            1.2956186477209506,
            69.43192416981051,
            21.614250758695476
        ],
        "config": {
            "temperature": 0.75
        }
    },
    "gemini-2.0-flash_{\"temperature\": 0.875}": {
        "GloVe": [
            16.619980761771398,
            76.32541117849068,
            52.07631155787061,
            29.226558377864087,
            44.42767120794969,
            92.07063430742289,
            41.57974565561018,
            85.89458454223468,
            55.7025830216777,
            13.272816657926107,
            97.77409907436389,
            81.9514072269307,
            74.88689960289858,
            82.83040391828148,
            47.7240698242028,
            87.35679337871113,
            77.92789303495987,
            10.684621460615269,
            1.2186197153709308,
            35.65314392560843
        ],
        "config": {
            "temperature": 0.875
        }
    },
    "gemini-2.0-flash_{\"temperature\": 1}": {
        "GloVe": [
            64.89755367347242,
            4.73475468041193,
            68.84818356648256,
            84.95049945900766,
            80.00894513033072,
            27.5086757041911,
            22.84419025852214,
            27.075048143172697,
            68.55442791640186,
            37.15340354597305,
            21.70438976448153,
            48.38848043829991,
            4.667529201429884,
            35.457509554194004,
            36.069524138668626,
            85.21172339258058,
            58.892858368079395,
            36.29867169172966,
            35.37206228021566,
            87.59599679901845
        ],
        "config": {
            "temperature": 1
        }
    },
    "gemini-2.0-flash_{\"temperature\": 1.125}": {
        "GloVe": [
            33.592866997419456,
            21.501473153164696,
            68.06529719409204,
            4.652093889676881,
            60.19664826595198,
            43.500453298410456,
            59.655905841764614,
            53.39326277675642,
            49.06528884515363,
            54.027040728411016,
            52.08359026951367,
            5.28049499786679,
            94.0545176681614,
            18.798057454882304,
            34.47189270129686,
            79.44268454287679,
            69.96680253296643,
            81.76254821873756,
            93.2281176696153,
            62.56755928042198
        ],
        "config": {
            "temperature": 1.125
        }
    },
    "gemini-2.0-flash_{\"temperature\": 1.25}": {
        "GloVe": [
            56.64073585132014,
            65.29649809278993,
            39.29798148017309,
            54.47906787050233,
            3.9249424928828236,
            76.2137232662928,
            52.81068242965983,
            81.68930921649087,
            17.98302947141157,
            15.448158956127694,
            69.14451805830409,
            5.0085815526842765,
            64.59105474076743,
            25.40051079017285,
            92.81634851832949,
            75.36638677657037,
            49.44627014278165,
            91.17248339397473,
            60.90866234939547,
            74.29266881472428
        ],
        "config": {
            "temperature": 1.25
        }
    },
    "gemini-2.0-flash_{\"temperature\": 1.5}": {
        "GloVe": [
            71.29030667964382,
            55.69633079143132,
            89.03546816827055,
            89.08456122488444,
            4.500030013394312,
            42.11731498367268,
            19.71200844180587,
            66.51819026201197,
            83.99104135631654,
            38.939429210901686,
            73.85224959094833,
            69.35783254883138,
            67.51736061804284,
            89.75151001202353,
            61.72044783934416,
            46.93605735763659,
            84.74292790607541,
            18.30861423289504,
            82.37852097890917,
            61.12061482856218
        ],
        "config": {
            "temperature": 1.5
        }
    },
    "gemini-2.0-flash_{\"temperature\": 1.625}": {
        "GloVe": [
            9.047132648797113,
            85.27672048664148,
            80.45191288987225,
            12.199450517158771,
            75.77619897247764,
            73.02550619886124,
            44.4643379993972,
            68.50010394204136,
            32.37812332267642,
            90.87297908838441,
            68.62815078117372,
            34.61358503052812,
            34.586990003795435,
            94.97700799340522,
            32.65496853064662,
            49.789498748419085,
            75.47577671409573,
            58.543045995606825,
            47.160901043923836,
            65.55411076761133
        ],
        "config": {
            "temperature": 1.625
        }
    },
    "gemini-2.0-flash_{\"temperature\": 1.75}": {
        "GloVe": [
            66.85424234293858,
            52.00720890733817,
            9.8981389763795,
            76.14328123827235,
            23.729106605396776,
            89.39415368571832,
            46.61466362079313,
            44.1547952007486,
            7.231949234052193,
            77.84267293248088,
            78.09517879772436,
            83.34785216083648,
            81.67315265377923,
            79.01756131246391,
            60.762030816798685,
            86.63169301860809,
            95.60886744072678,
            69.64852777430944,
            34.55492435996193,
            76.30887190263338
        ],
        "config": {
            "temperature": 1.75
        }
    },