{
    "gemini-2.0-flash_{temperature=0.5}": {
        "GloVe": [
            76.57333374023438,
            84.11881256103516,
            75.97196960449219,
            87.10424041748047,
            81.2208023071289,
            87.66314697265625,
            84.11881256103516,
            87.99565124511719,
            84.954833984375,
            89.04060363769531
        ]
    },
    "gemini-2.0-flash_{temperature=1}": {
        "GloVe": [
            87.89204406738281,
            86.58808135986328,
            86.48827362060547,
            84.37850189208984,
            84.9417953491211,
            86.20629119873047,
            86.8873291015625,
            82.6396484375,
            88.88848114013672,
            87.72723388671875
        ]
    },
    "gemini-2.0-flash_{temperature=1.5}": {
        "GloVe": [
            87.44791412353516,
            84.27874755859375,
            86.02936553955078,
            84.39893341064453,
            88.31913757324219,
            87.7735824584961,
            82.19916534423828,
            91.31700134277344,
            82.25220489501953,
            79.19448852539062
        ]
    },
    "gemini-2.0-flash_{temperature=2}": {
        "GloVe": [
            84.22634887695312,
            86.2989730834961,
            89.37112426757812,
            88.70681762695312,
            86.18639373779297,
            84.3480224609375,
            84.8349838256836,
            84.49327087402344,
            82.7365493774414,
            85.79846954345703
        ]
    },
    "gemini-1.5-flash_{temperature=0.5}": {
        "GloVe": [
            67.39129638671875,
            67.39129638671875,
            68.35049438476562,
            65.9057846069336,
            70.9342041015625,
            67.39129638671875,
            67.39129638671875,
            67.39129638671875,
            68.35049438476562,
            67.39129638671875
        ]
    },
    "gemini-1.5-flash_{temperature=1}": {
        "GloVe": [
            68.76573944091797,
            68.13375854492188,
            72.2905502319336,
            72.56792449951172,
            71.49061584472656,
            69.8130111694336,
            73.43672180175781,
            74.83354187011719,
            65.9057846069336,
            73.510009765625
        ]
    },
    "gemini-1.5-flash_{temperature=1.5}": {
        "GloVe": [
            73.37623596191406,
            67.09938049316406,
            71.53012084960938,
            66.08397674560547,
            63.615928649902344,
            67.29631042480469,
            68.35049438476562,
            65.0382080078125,
            68.57130432128906,
            68.35049438476562
        ]
    },
    "gemini-1.5-flash_{temperature=2}": {
        "GloVe": [
            71.17466735839844,
            68.83251953125,
            73.49209594726562,
            64.17293548583984,
            63.274566650390625,
            70.65225219726562,
            68.35049438476562,
            73.88367462158203,
            67.39128875732422,
            73.14596557617188
        ]
    }
}