{
    "gemini-2.0-flash-lite_{\"temperature\": 1.1}": {
        "GloVe": [
            73.2271728515625,
            70.80765533447266,
            76.03646850585938,
            76.83222198486328,
            78.5846939086914,
            78.36536407470703,
            77.06352996826172,
            80.76245880126953,
            76.65441131591797,
            73.1073226928711
        ],
        "BERT_WordEmbeddings_L6": [
            42.31986618041992,
            44.63420867919922,
            38.818973541259766,
            40.83985900878906,
            42.49662780761719,
            45.46629333496094,
            41.232784271240234,
            41.999755859375,
            42.12234115600586,
            43.102882385253906
        ],
        "BERT_WordEmbeddings_L7": [
            40.69758224487305,
            43.37870788574219,
            36.86348342895508,
            40.00443649291992,
            40.4191780090332,
            43.66520690917969,
            40.751617431640625,
            41.30281066894531,
            40.27243423461914,
            41.44981002807617
        ],
        "config": {
            "temperature": 1.1
        }
    },
    "gemini-2.5-pro_{\"temperature\": 1.1}": {
        "GloVe": [
            76.70220184326172,
            81.29267120361328,
            79.97554779052734,
            71.19803619384766,
            77.91279602050781,
            76.36192321777344,
            71.1623764038086,
            75.31242370605469,
            79.90989685058594,
            73.98088836669922
        ],
        "BERT_WordEmbeddings_L6": [
            43.6595458984375,
            46.11648178100586,
            46.499454498291016,
            47.078243255615234,
            44.02217483520508,
            44.99518966674805,
            48.470489501953125,
            43.91361618041992,
            46.212249755859375,
            46.472530364990234
        ],
        "BERT_WordEmbeddings_L7": [
            41.347991943359375,
            45.7359504699707,
            45.36133575439453,
            46.29051208496094,
            43.42231369018555,
            43.99399948120117,
            47.97536849975586,
            44.01609420776367,
            45.624725341796875,
            45.27150344848633
        ],
        "config": {
            "temperature": 1.1
        }
    },
    "gemini-2.5-flash_{\"temperature\": 1.1}": {
        "GloVe": [
            70.68496704101562,
            77.8998794555664,
            72.4365234375,
            78.78173065185547,
            72.74491882324219,
            76.00691223144531,
            79.54450225830078,
            80.0337142944336,
            73.81204986572266,
            70.75139617919922
        ],
        "BERT_WordEmbeddings_L6": [
            45.875370025634766,
            46.47317123413086,
            42.4333381652832,
            45.00279235839844,
            45.7444953918457,
            43.21044158935547,
            47.57624435424805,
            47.56822967529297,
            44.107791900634766,
            47.18300247192383
        ],
        "BERT_WordEmbeddings_L7": [
            45.07433319091797,
            45.69814682006836,
            41.46472930908203,
            45.90458679199219,
            43.29246139526367,
            42.50266647338867,
            46.10885238647461,
            47.89057540893555,
            42.01536560058594,
            45.70988464355469
        ],
        "config": {
            "temperature": 1.1
        }
    },
    "gemini-2.5-flash-lite_{\"temperature\": 1.1}": {
        "GloVe": [
            73.22787475585938,
            79.89237213134766,
            71.14464569091797,
            69.9576416015625,
            74.36190795898438,
            79.76705169677734,
            77.61589813232422,
            66.9774169921875,
            77.31433868408203,
            70.37539672851562
        ],
        "BERT_WordEmbeddings_L6": [
            45.43376541137695,
            50.911956787109375,
            45.173946380615234,
            44.76128387451172,
            42.69375991821289,
            51.50429153442383,
            41.130672454833984,
            43.68571853637695,
            48.681278228759766,
            45.58988952636719
        ],
        "BERT_WordEmbeddings_L7": [
            44.268436431884766,
            51.574867248535156,
            43.90238952636719,
            45.04291915893555,
            43.252723693847656,
            51.69172286987305,
            40.140846252441406,
            43.38154983520508,
            47.14713668823242,
            45.10797119140625
        ],
        "config": {
            "temperature": 1.1
        }
    },
    "gemini-2.0-flash_{\"temperature\": 1.1}": {
        "GloVe": [
            84.01216888427734,
            82.96356201171875,
            83.11682891845703,
            85.33893585205078,
            88.02265167236328,
            87.61788177490234,
            79.67545318603516,
            83.50749969482422,
            87.01313781738281,
            86.5789566040039
        ],
        "BERT_WordEmbeddings_L6": [
            39.10260772705078,
            52.64173889160156,
            45.96923065185547,
            54.16272735595703,
            52.6895866394043,
            54.42900085449219,
            40.94772720336914,
            53.78540802001953,
            51.46698760986328,
            56.356876373291016
        ],
        "BERT_WordEmbeddings_L7": [
            38.167179107666016,
            52.049983978271484,
            45.43670654296875,
            54.51544952392578,
            53.13582992553711,
            55.081058502197266,
            40.07094192504883,
            53.52186584472656,
            50.35057067871094,
            58.079593658447266
        ],
        "config": {
            "temperature": 1.1
        }
    }
}