{
    "gemini-2.0-flash_{\"temperature\": 0.5}": {
        "GloVe": [
            84.11881256103516,
            84.11881256103516,
            81.27363586425781,
            86.22117614746094,
            84.11881256103516,
            79.0986557006836,
            88.5090560913086,
            85.12398529052734,
            86.56320190429688,
            86.32046508789062,
            84.11881256103516,
            85.12398529052734,
            86.03015899658203,
            91.3189468383789,
            86.3467788696289,
            88.11699676513672,
            85.16356658935547,
            84.11881256103516,
            75.43904113769531,
            88.20618438720703
        ],
        "config": {
            "temperature": 0.5
        }
    },
    "gemini-2.0-flash_{\"temperature\": 0.625}": {
        "GloVe": [
            88.91043853759766,
            84.78022766113281,
            87.70321655273438,
            88.91043090820312,
            83.73616027832031,
            83.95120239257812,
            85.6279525756836,
            84.4029312133789,
            82.54444885253906,
            86.74625396728516,
            86.96805572509766,
            88.20618438720703,
            89.7361068725586,
            77.13448333740234,
            84.8886489868164,
            90.19190979003906,
            80.42655181884766,
            86.70751190185547,
            87.70321655273438,
            86.17657470703125
        ],
        "config": {
            "temperature": 0.625
        }
    },
    "gemini-2.0-flash_{\"temperature\": 0.75}": {
        "GloVe": [
            82.54444885253906,
            85.86087799072266,
            80.64511108398438,
            82.0736083984375,
            86.28455352783203,
            81.88298034667969,
            85.20096588134766,
            88.23080444335938,
            82.28775024414062,
            86.54383087158203,
            87.82272338867188,
            77.95405578613281,
            81.36457824707031,
            88.64342498779297,
            76.17362976074219,
            79.73599243164062,
            79.11285400390625,
            78.57189178466797,
            87.13984680175781,
            83.08891296386719
        ],
        "config": {
            "temperature": 0.75
        }
    },
    "gemini-2.0-flash_{\"temperature\": 0.875}": {
        "GloVe": [
            82.51261901855469,
            87.79341888427734,
            85.71147918701172,
            83.8359146118164,
            85.10950469970703,
            89.96395874023438,
            84.88236999511719,
            88.91712188720703,
            85.99762725830078,
            82.0606918334961,
            91.84107208251953,
            88.40949249267578,
            87.64974212646484,
            88.51588439941406,
            85.36962890625,
            89.12954711914062,
            87.95925903320312,
            81.65388488769531,
            78.49771118164062,
            84.39663696289062
        ],
        "config": {
            "temperature": 0.875
        }
    },
    "gemini-2.0-flash_{\"temperature\": 1}": {
        "GloVe": [
            86.74655151367188,
            80.3144760131836,
            87.08792114257812,
            88.78782653808594,
            88.1853256225586,
            83.67705535888672,
            83.21826171875,
            83.63619995117188,
            87.06195068359375,
            84.52176666259766,
            83.0985336303711,
            85.4218521118164,
            80.29302978515625,
            84.38018798828125,
            84.4315414428711,
            88.82304382324219,
            86.25243377685547,
            84.45069122314453,
            84.37299346923828,
            89.1658935546875
        ],
        "config": {
            "temperature": 1
        }
    },
    "gemini-2.0-flash_{\"temperature\": 1.125}": {
        "GloVe": [
            84.2217025756836,
            83.07684326171875,
            87.01893615722656,
            80.28807067871094,
            86.35782623291016,
            85.0358657836914,
            86.31401062011719,
            85.81511688232422,
            85.47501373291016,
            85.8650894165039,
            85.71205139160156,
            80.4801254272461,
            90.4322738647461,
            82.77548217773438,
            84.29681396484375,
            88.12248992919922,
            87.18781280517578,
            88.3870620727539,
            90.22441101074219,
            86.55194854736328
        ],
        "config": {
            "temperature": 1.125
        }
    },
    "gemini-2.0-flash_{\"temperature\": 1.25}": {
        "GloVe": [
            86.07217407226562,
            86.78031921386719,
            84.69788360595703,
            85.9007797241211,
            80.03783416748047,
            87.78209686279297,
            85.76924133300781,
            88.37840270996094,
            82.67948913574219,
            82.36194610595703,
            87.11422729492188,
            80.3993911743164,
            86.720703125,
            83.47523498535156,
            90.12810516357422,
            87.69712829589844,
            85.50492858886719,
            89.78109741210938,
            86.41576385498047,
            87.5916748046875
        ],
        "config": {
            "temperature": 1.25
        }
    },
    "gemini-2.0-flash_{\"temperature\": 1.5}": {
        "GloVe": [
            87.3082046508789,
            85.99713134765625,
            89.395751953125,
            89.40396118164062,
            80.23849487304688,
            84.92547607421875,
            82.88011932373047,
            86.8846435546875,
            88.66184997558594,
            84.66864013671875,
            87.54908752441406,
            87.13323211669922,
            86.97107696533203,
            89.51821899414062,
            86.48218536376953,
            85.30762481689453,
            88.7601318359375,
            82.71815490722656,
            88.46076965332031,
            86.43306732177734
        ],
        "config": {
            "temperature": 1.5
        }
    },
    "gemini-2.0-flash_{\"temperature\": 1.625}": {
        "GloVe": [
            81.35828399658203,
            88.83187103271484,
            88.2352294921875,
            81.8994369506836,
            87.73802185058594,
            87.47012329101562,
            85.11241149902344,
            87.05715942382812,
            84.11662292480469,
            89.72322082519531,
            87.0684585571289,
            84.30885314941406,
            84.30659484863281,
            90.69304656982422,
            84.14070892333984,
            85.53187561035156,
            87.7080078125,
            86.22429656982422,
            85.32532501220703,
            86.80220031738281
        ],
        "config": {
            "temperature": 1.625
        }
    },
    "gemini-2.0-flash_{\"temperature\": 1.75}": {
        "GloVe": [
            86.9135971069336,
            85.70604705810547,
            81.51638793945312,
            87.77497100830078,
            83.30891418457031,
            89.45635223388672,
            85.28231048583984,
            85.08786010742188,
            80.9797134399414,
            87.95027160644531,
            87.97695922851562,
            88.58014678955078,
            88.37649536132812,
            88.07598876953125,
            86.40380859375,
            89.02220916748047,
            90.89464569091797,
            87.15922546386719,
            84.30387115478516,
            87.79174041748047
        ],
        "config": {
            "temperature": 1.75
        }
    },