{
    "gemma-3-27b-it_{temperature=0.5}": {
        "GloVe": [
            82.5785903930664,
            82.5785903930664,
            82.5785903930664,
            82.5785903930664,
            82.5785903930664,
            82.5785903930664,
            82.5785903930664,
            82.5785903930664,
            82.5785903930664,
            82.5785903930664,
            82.5785903930664,
            82.5785903930664,
            82.5785903930664,
            82.5785903930664,
            82.5785903930664,
            82.5785903930664,
            82.5785903930664,
            82.5785903930664,
            82.5785903930664,
            82.5785903930664
        ]
    },
    "gemma-3-27b-it_{temperature=1}": {
        "GloVe": [
            82.5785903930664,
            82.5785903930664,
            82.5785903930664,
            82.5785903930664,
            82.5785903930664,
            82.5785903930664,
            82.5785903930664,
            82.5785903930664,
            82.5785903930664,
            82.5785903930664,
            83.55282592773438,
            82.5785903930664,
            82.5785903930664,
            82.5785903930664,
            82.5785903930664,
            82.5785903930664,
            82.5785903930664,
            82.5785903930664,
            82.5785903930664,
            82.5785903930664
        ]
    },
    "gemma-3-27b-it_{temperature=1.5}": {
        "GloVe": [
            82.5785903930664,
            82.5785903930664,
            82.5785903930664,
            82.5785903930664,
            82.5785903930664,
            82.5785903930664,
            82.5785903930664,
            82.5785903930664,
            82.5785903930664,
            82.5785903930664,
            82.5785903930664,
            82.5785903930664,
            82.5785903930664,
            82.5785903930664,
            83.55282592773438,
            82.5785903930664,
            84.32125091552734,
            82.5785903930664,
            82.5785903930664,
            82.5785903930664
        ]
    },
    "gemma-3-27b-it_{temperature=2}": {
        "GloVe": [
            82.5785903930664,
            82.5785903930664,
            82.5785903930664,
            82.5785903930664,
            82.5785903930664,
            82.5785903930664,
            82.5785903930664,
            82.5785903930664,
            82.5785903930664,
            82.5785903930664,
            82.5785903930664,
            82.5785903930664,
            82.5785903930664,
            82.5785903930664,
            82.5785903930664,
            82.5785903930664,
            82.5785903930664,
            84.32125091552734,
            82.5785903930664,
            82.5785903930664
        ]
    },
    "gemini-2.0-flash_{temperature=2}": {
        "GloVe": [
            79.96808624267578,
            88.2691650390625,
            89.4438705444336,
            88.13665771484375,
            83.72370910644531,
            88.65113067626953,
            81.93428802490234,
            88.08354949951172,
            89.04212188720703,
            85.35643005371094,
            88.34221649169922,
            87.34254455566406,
            86.34695434570312,
            88.00725555419922,
            80.19650268554688,
            83.77515411376953,
            79.5007553100586,
            90.2082290649414,
            83.50762939453125,
            87.03691101074219
        ]
    }
}