{
    "gemini-2.5-flash-preview-05-20_{temperature=1.0, thinking_config={'thinking_budget': 100}}": {
        "GloVe": [
            96.50000628585322,
            61.992710860970625,
            56.12234277127658,
            89.38774050070543,
            43.26992707716354,
            5.353651619704554,
            14.465238600289387,
            32.601419810447474,
            89.03499615244682,
            78.20567010311596
        ]
    },
    "gemini-2.5-flash-preview-05-20_{temperature=1.0, thinking_config={'thinking_budget': 512}}": {
        "GloVe": [
            69.91546867305509,
            59.70916812764364,
            43.26421556749559,
            42.57744958262276,
            47.381242594646025,
            47.37931535179148,
            37.721802447228946,
            15.964785997264341,
            91.47504406688893,
            98.27918629181511
        ]
    },
    "gemini-2.5-flash-preview-05-20_{temperature=1.0, thinking_config={'thinking_budget': 1000}}": {
        "GloVe": [
            32.262017366998016,
            94.48088548059278,
            99.55322015311559,
            30.36063464478381,
            80.46321001556689,
            19.151662785756628,
            48.15258327449212,
            64.97217961938783,
            13.350695139888714,
            18.776681298692
        ]
    },
    "gemini-2.5-flash-preview-05-20_{temperature=1.0, thinking_config={'thinking_budget': 2000}}": {
        "GloVe": [
            96.09006274747284,
            71.1348547239034,
            94.3215916107687,
            80.0810710405747,
            96.83408393866422,
            83.83618750289983,
            26.901932529723418,
            19.484340673264654,
            67.16246047668001,
            72.08572043002923
        ]
    },
    "gemini-2.5-flash-preview-04-17_{temperature=1.0, thinking_config={'thinking_budget': 100}}": {
        "GloVe": [
            16.904799685806704,
            89.26868284378367,
            1.346683633920741,
            22.96112968460268,
            27.255832476142793,
            47.377388115070566,
            8.375808983026268,
            4.636873857904359,
            70.45714832642706,
            26.829165934617823
        ]
    },
    "gemini-2.5-flash-preview-04-17_{temperature=1.0, thinking_config={'thinking_budget': 512}}": {
        "GloVe": [
            27.235234732186914,
            13.186577913248854,
            26.122652840280974,
            38.4780811562125,
            35.08362182169407,
            56.90625750547156,
            52.26084041981637,
            76.05874506631554,
            92.47780593014794,
            5.617783927026714
        ]
    },
    "gemini-2.5-flash-preview-04-17_{temperature=1.0, thinking_config={'thinking_budget': 1000}}": {
        "GloVe": [
            27.84582753080487,
            14.305362174951814,
            59.05545268235768,
            27.90715873146646,
            61.735063779808854,
            8.06104120250939,
            12.012779969838366,
            40.56940676897924,
            37.67837014294703,
            36.78456564074927
        ]
    },
    "gemini-2.5-flash-preview-04-17_{temperature=1.0, thinking_config={'thinking_budget': 2000}}": {
        "GloVe": [
            23.458977880083832,
            68.65326976350057,
            99.07881078200543,
            61.14339876725342,
            34.70141420213467,
            52.97097849265155,
            17.46144831084721,
            18.756565537526587,
            52.51753194088391,
            57.38613503941789
        ]
    }
}