{
    "gemini-2.0-flash_{\"temperature\": 0.5}": {
        "GloVe": [
            9.590778019325057,
            1.6898524554591283,
            2.356951935011064,
            81.88009483791457,
            82.40990194217892,
            85.12691677124249,
            67.43113800764714,
            3.0457675601150385,
            8.543550116076348,
            56.07338657943413,
            75.97455004254279,
            14.568100164936654,
            89.48504886299398,
            10.303618787253633,
            8.035509378083077,
            90.06535812903182,
            75.10209931969844,
            17.65837356989864,
            15.80328613513607,
            58.72175066948117
        ],
        "config": {
            "temperature": 0.5
        }
    },
    "gemini-2.0-flash_{\"temperature\": 0.625}": {
        "GloVe": [
            56.55145500513294,
            84.7276274270996,
            82.7352513492793,
            6.150317349681256,
            79.74429577406846,
            77.37994838596813,
            70.70236902201967,
            68.92738572248008,
            15.80328613513607,
            12.283362033710542,
            15.80328613513607,
            80.43665890032723,
            78.1348886917018,
            83.00116641606239,
            11.94580202047353,
            87.59742817259313,
            74.67062988358546,
            1.1080186071599016,
            15.80328613513607,
            75.10209931969844
        ],
        "config": {
            "temperature": 0.625
        }
    },
    "gemini-2.0-flash_{\"temperature\": 0.75}": {
        "GloVe": [
            3.357922647742215,
            30.446631021404112,
            49.22246612727429,
            72.36257285236664,
            76.45281864433198,
            86.23378341516784,
            76.42067809649897,
            18.138778143285748,
            73.51609250768266,
            27.241023698645655,
            84.85041668398878,
            11.94580202047353,
            86.18448374306867,
            12.26638085020979,
            82.79348775422439,
            84.33670466002312,
            89.56392819534867,
            91.64310121926084,
            5.690977138842103,
            65.57430141007063
        ],
        "config": {
            "temperature": 0.75
        }
    },
    "gemini-2.0-flash_{\"temperature\": 0.875}": {
        "GloVe": [
            72.8479447089114,
            17.65837356989864,
            69.16989706150106,
            15.710887529697764,
            3.0153954506242284,
            15.7564602833696,
            37.68784127059471,
            76.63180617150248,
            77.45527504813354,
            59.214976179913606,
            17.65835233482274,
            82.37180985236718,
            64.46788460134727,
            74.86009062044293,
            87.04903625417006,
            8.035521596099043,
            76.6611042136472,
            79.05363980480547,
            83.87755956822593,
            68.77982431814603
        ],
        "config": {
            "temperature": 0.875
        }
    },
    "gemini-2.0-flash_{\"temperature\": 1}": {
        "GloVe": [
            78.35177096024049,
            45.343186185030575,
            79.23425097914374,
            81.94767756479149,
            12.779558662915502,
            74.82232642082893,
            18.632289991569007,
            69.89436267729184,
            18.138778143285748,
            64.82651316475584,
            0.990311761117349,
            58.21950097565451,
            81.95133781307693,
            86.58162920052268,
            5.466653826423273,
            7.021214419375897,
            74.70652350412249,
            16.792957161247806,
            61.55595083797778,
            17.47423971862644
        ],
        "config": {
            "temperature": 1
        }
    },
    "gemini-2.0-flash_{\"temperature\": 1.125}": {
        "GloVe": [
            81.88009483791457,
            82.24104996556467,
            38.35804875591428,
            60.95353545853015,
            18.138734949705704,
            54.16940705514551,
            79.9887552584965,
            73.15359727984195,
            8.991300485133102,
            13.445311729040178,
            55.685593124244214,
            94.48734730630241,
            3.0457675601150385,
            17.65837356989864,
            23.308945670142638,
            56.85556148541703,
            81.82669313493818,
            51.62746190927633,
            65.83419244262403,
            54.044104682215035
        ],
        "config": {
            "temperature": 1.125
        }
    },
    "gemini-2.0-flash_{\"temperature\": 1.25}": {
        "GloVe": [
            8.473523079882089,
            56.70880881440037,
            48.93299179935987,
            26.926484688580178,
            83.77936323742328,
            43.31368291436027,
            79.7542071675449,
            81.7642451721599,
            7.638123396976883,
            77.83435066042186,
            18.138756546487674,
            91.452612905447,
            22.768315372403247,
            49.20309234254531,
            69.72754331995856,
            74.79253271356137,
            69.62257380323939,
            57.15154611916549,
            84.05541359959385,
            85.75000727850549
        ],
        "config": {
            "temperature": 1.25
        }
    },
    "gemini-2.0-flash_{\"temperature\": 1.5}": {
        "GloVe": [
            40.241430375841475,
            52.02240755406871,
            78.46017486508936,
            66.2299415203913,
            21.53506153376825,
            84.45149685656432,
            90.53726995068885,
            0.4527351019264521,
            11.440009502084546,
            12.933640487149878,
            67.61822115780267,
            71.36815375593142,
            76.17351612584665,
            85.36242347472742,
            72.53625344673063,
            77.60354147871868,
            69.9698529932832,
            9.657910928793562,
            66.22233789967835,
            72.5620037714805
        ],
        "config": {
            "temperature": 1.5
        }
    },
    "gemini-2.0-flash_{\"temperature\": 1.625}": {
        "GloVe": [
            7.420308598810725,
            27.163712200272585,
            17.946003102227486,
            71.64814402739712,
            56.136779269535964,
            8.113770931050313,
            76.68491892011676,
            22.27316867298027,
            81.35963088400861,
            57.41145604469546,
            17.984965982788182,
            80.72126804923214,
            83.91308551766318,
            37.82551136089323,
            67.1643446871422,
            14.938240819894698,
            4.248039236618,
            4.630582048527518,
            82.6024827071873,
            6.965091061186972
        ],
        "config": {
            "temperature": 1.625
        }
    },
    "gemini-2.0-flash_{\"temperature\": 1.75}": {
        "GloVe": [
            57.062695679474764,
            14.43155665948015,
            82.75178358538928,
            17.928245938963823,
            77.77387321453517,
            2.4183231820131144,
            5.104436112629771,
            9.519606783958439,
            72.20168259627775,
            91.5909932376378,
            72.55624306905389,
            4.6501906553204515,
            46.35413840745509,
            14.11591559183812,
            37.90074595072479,
            8.018649690303409,
            4.692184603252742,
            11.085497648513588,
            77.50187669771921,
            67.85802391375533
        ],
        "config": {
            "temperature": 1.75
        }
    },