{
    "gemma-3-27b-it_{temperature=0.5}": {
        "GloVe": [
            80.94109609127563,
            80.94109609127563,
            80.94109609127563,
            80.94109609127563,
            80.94109609127563,
            80.94109609127563,
            80.94109609127563,
            80.94109609127563,
            80.94109609127563,
            80.94109609127563,
            80.94109609127563,
            80.94109609127563,
            80.94109609127563,
            80.94109609127563,
            80.94109609127563,
            80.94109609127563,
            80.94109609127563,
            80.94109609127563,
            80.94109609127563,
            80.94109609127563
        ]
    },
    "gemma-3-27b-it_{temperature=1}": {
        "GloVe": [
            80.94109609127563,
            80.94109609127563,
            80.94109609127563,
            80.94109609127563,
            80.94109609127563,
            80.94109609127563,
            80.94109609127563,
            80.94109609127563,
            80.94109609127563,
            80.94109609127563,
            84.39768206320643,
            80.94109609127563,
            80.94109609127563,
            80.94109609127563,
            80.94109609127563,
            80.94109609127563,
            80.94109609127563,
            80.94109609127563,
            80.94109609127563,
            80.94109609127563
        ]
    },
    "gemma-3-27b-it_{temperature=1.5}": {
        "GloVe": [
            80.94109609127563,
            80.94109609127563,
            80.94109609127563,
            80.94109609127563,
            80.94109609127563,
            80.94109609127563,
            80.94109609127563,
            80.94109609127563,
            80.94109609127563,
            80.94109609127563,
            80.94109609127563,
            80.94109609127563,
            80.94109609127563,
            80.94109609127563,
            84.39768206320643,
            80.94109609127563,
            86.81275858966077,
            80.94109609127563,
            80.94109609127563,
            80.94109609127563
        ]
    },
    "gemma-3-27b-it_{temperature=2}": {
        "GloVe": [
            80.94109609127563,
            80.94109609127563,
            80.94109609127563,
            80.94109609127563,
            80.94109609127563,
            80.94109609127563,
            80.94109609127563,
            80.94109609127563,
            80.94109609127563,
            80.94109609127563,
            80.94109609127563,
            80.94109609127563,
            80.94109609127563,
            80.94109609127563,
            80.94109609127563,
            80.94109609127563,
            80.94109609127563,
            86.81275858966077,
            80.94109609127563,
            80.94109609127563
        ]
    },
    "gemini-2.5-flash-preview-05-20_{temperature=0.5}": {
        "GloVe": [
            18.130840474103742,
            19.86026357931159,
            36.46522057903422,
            17.38511808926984,
            20.41982361783986,
            26.78280765962707,
            26.413935045293556,
            32.383919378027805,
            37.8373359076899,
            14.009518956816558,
            34.13104001662193,
            24.731476120783853,
            54.35037752965412,
            49.48250977486884,
            36.46768739745773,
            58.04649607552648,
            42.420743975937306,
            32.85148492384491,
            31.510352720209855
        ]
    },
    "gemini-2.5-flash-preview-05-20_{temperature=1}": {
        "GloVe": [
            65.83775768162083,
            35.8629968340328,
            39.932414015560965,
            59.174590401448825,
            14.62699631038023,
            46.95701632214759,
            15.11625779308719,
            58.57594958174496,
            29.669351372195997,
            11.889514387768452,
            64.90469313925095,
            25.48940977468048,
            66.60057282635631,
            42.10924067080434,
            33.85215328901475,
            50.268320707213554,
            57.73743385858645,
            37.365285192412195,
            36.27945604140194,
            40.34103572470923
        ]
    },
    "gemini-2.5-flash-preview-05-20_{temperature=1.5}": {
        "GloVe": [
            18.141029663583268,
            27.893811861526906,
            10.642169374362553,
            36.119590548815935,
            45.43411135397182,
            52.52771529668726,
            55.0555577063379,
            79.14297113412105,
            24.596249643914536,
            43.722157047093,
            38.459498011701136,
            24.44875129057518,
            13.695499438161985,
            42.47193337297119,
            16.96364279137767,
            31.018558725701716,
            18.288291580407503,
            26.809140036913647,
            27.91295581990676,
            22.400258786671685
        ]
    },
    "gemini-2.5-flash-preview-05-20_{temperature=2}": {
        "GloVe": [
            32.81918589452267,
            19.6468599626559,
            28.034907753043147,
            35.83139231387901,
            33.82105664494453,
            26.560777155304784,
            17.111300819231484,
            36.493353588267894,
            38.87285670886077,
            62.55395829325654,
            28.722356257556825,
            25.044389958678703,
            14.510254432160513,
            11.955530535154635,
            16.36204443981225,
            28.738522681022566,
            45.50184949171051,
            34.377479149547,
            33.44745200473762,
            57.45615939065451
        ]
    },
    "gemini-2.5-flash-preview-04-17_{temperature=0.5}": {
        "GloVe": [
            12.91532009289938,
            12.708482078626936,
            38.47827371734173,
            23.6853757000237,
            19.589723382828943,
            25.05196843569758,
            42.652815124346176,
            25.332512632590458,
            33.2203026011416,
            16.672771378394685,
            28.214579396333626,
            9.253228888366893,
            24.244764623855115,
            19.59022106054119,
            18.45088198111291,
            37.309832586815865,
            21.588235509681226,
            17.164494413841112
        ]
    },
    "gemini-2.5-flash-preview-04-17_{temperature=1}": {
        "GloVe": [
            20.97494192033586,
            34.12288098162277,
            13.078516588435601,
            32.32005343594666,
            23.952899497182766,
            31.17195807078549,
            11.704995308994654,
            10.64761407855585,
            12.38687859716211,
            35.834042132722466,
            55.837844705858544,
            35.48091897087589,
            35.118004053591875,
            43.42601379256063,
            14.35973198510403,
            15.105242480770237,
            25.040988459705428,
            13.463181949662406,
            51.038065564830006,
            47.95769246905148
        ]
    },
    "gemini-2.5-flash-preview-04-17_{temperature=1.5}": {
        "GloVe": [
            10.698111985905712,
            9.832176114385256,
            69.18393609217907,
            58.61089522818491,
            8.32052229566666,
            7.907762619258923,
            30.613525740009777,
            24.65249008411192,
            16.940347021120704,
            34.815843251923354,
            40.248448987845855,
            77.63517356259197,
            17.336589585055556,
            45.31604215757953,
            14.820449740661918,
            24.035641475419496,
            9.967460409494022,
            38.32810366861172,
            14.821723268883252,
            30.84379265834264
        ]
    },