{
    "gemini-2.5-flash_{\"temperature\": 0.5, \"thinking_config\": {\"thinking_budget\": 20}}": {
        "GloVe": [
            66.81111907958984,
            70.47856140136719,
            69.37905883789062,
            68.4261245727539,
            69.37905883789062,
            66.81111907958984,
            69.37905883789062,
            69.37905883789062,
            69.37905883789062,
            69.37905883789062
        ],
        "BERT_WordEmbeddings_L6": [
            47.4552001953125,
            43.79446792602539,
            49.72691345214844,
            47.353084564208984,
            49.72691345214844,
            47.4552001953125,
            49.72691345214844,
            49.72691345214844,
            49.72691345214844,
            49.72691345214844
        ],
        "BERT_WordEmbeddings_L7": [
            47.4552001953125,
            43.79446792602539,
            49.72691345214844,
            47.353084564208984,
            49.72691345214844,
            47.4552001953125,
            49.72691345214844,
            49.72691345214844,
            49.72691345214844,
            49.72691345214844
        ],
        "config": {
            "temperature": 0.5,
            "thinking_config": {
                "thinking_budget": 20
            }
        }
    },
    "gemini-2.5-flash_{\"temperature\": 0.5, \"thinking_config\": {\"thinking_budget\": 50}}": {
        "GloVe": [
            71.53913116455078,
            66.9743423461914,
            66.9743423461914,
            66.9743423461914,
            66.9743423461914,
            66.9743423461914,
            69.1648178100586,
            67.47240447998047,
            69.83230590820312,
            71.88204193115234
        ],
        "BERT_WordEmbeddings_L6": [
            43.03943634033203,
            50.1243782043457,
            50.1243782043457,
            50.1243782043457,
            50.1243782043457,
            50.1243782043457,
            45.281532287597656,
            49.15622329711914,
            48.21045684814453,
            44.2723503112793
        ],
        "BERT_WordEmbeddings_L7": [
            43.03943634033203,
            50.1243782043457,
            50.1243782043457,
            50.1243782043457,
            50.1243782043457,
            50.1243782043457,
            45.281532287597656,
            49.15622329711914,
            48.21045684814453,
            44.2723503112793
        ],
        "config": {
            "temperature": 0.5,
            "thinking_config": {
                "thinking_budget": 50
            }
        }
    },
    "gemini-2.5-flash_{\"temperature\": 0.5, \"thinking_config\": {\"thinking_budget\": 100}}": {
        "GloVe": [
            73.43856048583984,
            67.47240447998047,
            69.37905883789062,
            70.50772094726562,
            67.47240447998047,
            71.70535278320312,
            70.37136840820312,
            70.12669372558594,
            73.57909393310547,
            69.16481018066406
        ],
        "BERT_WordEmbeddings_L6": [
            46.61472702026367,
            49.15622329711914,
            49.72691345214844,
            46.281646728515625,
            49.15622329711914,
            44.35013961791992,
            42.77947998046875,
            48.88905715942383,
            42.83589553833008,
            45.28152847290039
        ],
        "BERT_WordEmbeddings_L7": [
            46.61472702026367,
            49.15622329711914,
            49.72691345214844,
            46.281646728515625,
            49.15622329711914,
            44.35013961791992,
            42.77947998046875,
            48.88905715942383,
            42.83589553833008,
            45.28152847290039
        ],
        "config": {
            "temperature": 0.5,
            "thinking_config": {
                "thinking_budget": 100
            }
        }
    },
    "gemini-2.5-flash_{\"temperature\": 0.5, \"thinking_config\": {\"thinking_budget\": 200}}": {
        "GloVe": [
            69.19817352294922,
            72.4297866821289,
            69.16481018066406,
            67.7684097290039,
            69.85869598388672,
            66.2859115600586,
            67.4723892211914,
            69.38622283935547,
            69.48009490966797,
            66.03337860107422
        ],
        "BERT_WordEmbeddings_L6": [
            47.66743087768555,
            51.26624298095703,
            45.28152847290039,
            47.63484573364258,
            48.435760498046875,
            50.219024658203125,
            49.15622329711914,
            50.47221374511719,
            43.552978515625,
            47.166805267333984
        ],
        "BERT_WordEmbeddings_L7": [
            47.66743087768555,
            51.26624298095703,
            45.28152847290039,
            47.63484573364258,
            48.435760498046875,
            50.219024658203125,
            49.15622329711914,
            50.47221374511719,
            43.552978515625,
            47.166805267333984
        ],
        "config": {
            "temperature": 0.5,
            "thinking_config": {
                "thinking_budget": 200
            }
        }
    },
    "gemini-2.5-flash_{\"temperature\": 0.5, \"thinking_config\": {\"thinking_budget\": 400}}": {
        "GloVe": [
            66.56742095947266,
            70.60397338867188,
            66.9743423461914,
            70.93002319335938,
            65.3050537109375,
            68.01870727539062,
            73.42019653320312,
            69.4156494140625,
            71.71868896484375,
            72.27998352050781
        ],
        "BERT_WordEmbeddings_L6": [
            46.44894790649414,
            45.6317024230957,
            50.1243782043457,
            46.700721740722656,
            48.49059295654297,
            46.950843811035156,
            46.80173873901367,
            51.10138702392578,
            49.21963119506836,
            48.039737701416016
        ],
        "BERT_WordEmbeddings_L7": [
            46.44894790649414,
            45.6317024230957,
            50.1243782043457,
            46.700721740722656,
            48.49059295654297,
            46.950843811035156,
            46.80173873901367,
            51.10138702392578,
            49.21963119506836,
            48.039737701416016
        ],
        "config": {
            "temperature": 0.5,
            "thinking_config": {
                "thinking_budget": 400
            }
        }
    },
    "gemini-2.5-flash_{\"temperature\": 0.5, \"thinking_config\": {\"thinking_budget\": 300}}": {
        "GloVe": [
            66.97433471679688,
            65.3050537109375,
            64.2071762084961,
            69.66242980957031,
            68.44941711425781,
            75.67475128173828,
            72.08280181884766,
            68.4261245727539,
            63.05754852294922,
            67.472412109375
        ],
        "BERT_WordEmbeddings_L6": [
            50.1243782043457,
            48.490596771240234,
            48.15639114379883,
            40.86932373046875,
            46.47586441040039,
            47.284332275390625,
            44.513484954833984,
            47.353084564208984,
            42.18446731567383,
            49.15621566772461
        ],
        "BERT_WordEmbeddings_L7": [
            50.1243782043457,
            48.490596771240234,
            48.15639114379883,
            40.86932373046875,
            46.47586441040039,
            47.284332275390625,
            44.513484954833984,
            47.353084564208984,
            42.18446731567383,
            49.15621566772461
        ],
        "config": {
            "temperature": 0.5,
            "thinking_config": {
                "thinking_budget": 300
            }
        }
    },