{
    "gemma-3-27b-it_{temperature=0.5}": {
        "GloVe": [
            82.5785903930664,
            82.5785903930664,
            82.5785903930664,
            82.5785903930664,
            82.5785903930664,
            82.5785903930664,
            82.5785903930664,
            82.5785903930664,
            82.5785903930664,
            82.5785903930664,
            82.5785903930664,
            82.5785903930664,
            82.5785903930664,
            82.5785903930664,
            82.5785903930664,
            82.5785903930664,
            82.5785903930664,
            82.5785903930664,
            82.5785903930664,
            82.5785903930664
        ]
    },
    "gemma-3-27b-it_{temperature=1}": {
        "GloVe": [
            82.5785903930664,
            82.5785903930664,
            82.5785903930664,
            82.5785903930664,
            82.5785903930664,
            82.5785903930664,
            82.5785903930664,
            82.5785903930664,
            82.5785903930664,
            82.5785903930664,
            83.55282592773438,
            82.5785903930664,
            82.5785903930664,
            82.5785903930664,
            82.5785903930664,
            82.5785903930664,
            82.5785903930664,
            82.5785903930664,
            82.5785903930664,
            82.5785903930664
        ]
    },
    "gemma-3-27b-it_{temperature=1.5}": {
        "GloVe": [
            82.5785903930664,
            82.5785903930664,
            82.5785903930664,
            82.5785903930664,
            82.5785903930664,
            82.5785903930664,
            82.5785903930664,
            82.5785903930664,
            82.5785903930664,
            82.5785903930664,
            82.5785903930664,
            82.5785903930664,
            82.5785903930664,
            82.5785903930664,
            83.55282592773438,
            82.5785903930664,
            84.32125091552734,
            82.5785903930664,
            82.5785903930664,
            82.5785903930664
        ]
    },
    "gemma-3-27b-it_{temperature=2}": {
        "GloVe": [
            82.5785903930664,
            82.5785903930664,
            82.5785903930664,
            82.5785903930664,
            82.5785903930664,
            82.5785903930664,
            82.5785903930664,
            82.5785903930664,
            82.5785903930664,
            82.5785903930664,
            82.5785903930664,
            82.5785903930664,
            82.5785903930664,
            82.5785903930664,
            82.5785903930664,
            82.5785903930664,
            82.5785903930664,
            84.32125091552734,
            82.5785903930664,
            82.5785903930664
        ]
    },
    "gemini-2.5-flash-preview-05-20_{temperature=0.5}": {
        "GloVe": [
            69.7089614868164,
            70.16842651367188,
            73.77523040771484,
            69.5024185180664,
            70.31184387207031,
            71.8056869506836,
            71.72469329833984,
            72.97587585449219,
            74.03675079345703,
            68.48764038085938,
            73.32245635986328,
            71.34764862060547,
            77.05594635009766,
            76.17518615722656,
            73.77570343017578,
            77.73194122314453,
            74.89141082763672,
            73.06934356689453,
            72.79973602294922
        ]
    },
    "gemini-2.5-flash-preview-05-20_{temperature=1}": {
        "GloVe": [
            79.20872497558594,
            73.659423828125,
            74.43058776855469,
            77.9405746459961,
            68.68453216552734,
            75.71852111816406,
            68.83660888671875,
            77.82969665527344,
            72.42146301269531,
            67.76251983642578,
            79.02649688720703,
            71.51911163330078,
            79.3591079711914,
            74.83406829833984,
            73.26760864257812,
            76.3171157836914,
            77.67500305175781,
            73.94712829589844,
            73.73957824707031,
            74.50672912597656
        ]
    },
    "gemini-2.5-flash-preview-05-20_{temperature=1.5}": {
        "GloVe": [
            69.71174621582031,
            72.04631805419922,
            67.29232025146484,
            73.70884704589844,
            75.44219207763672,
            76.72549438476562,
            77.1842041015625,
            82.11502838134766,
            71.31676483154297,
            75.13008117675781,
            74.15435028076172,
            71.28297424316406,
            68.38524627685547,
            74.90082550048828,
            69.38318634033203,
            72.69966125488281,
            69.75188446044922,
            71.81144714355469,
            72.05042266845703,
            70.80162048339844
        ]
    },
    "gemini-2.5-flash-preview-05-20_{temperature=2}": {
        "GloVe": [
            73.06290435791016,
            70.11309051513672,
            72.0765380859375,
            73.65332794189453,
            73.26148223876953,
            71.75700378417969,
            69.4251708984375,
            73.78062438964844,
            74.23217010498047,
            78.57482147216797,
            72.22274017333984,
            71.41876983642578,
            68.64774322509766,
            67.78640747070312,
            69.20965576171875,
            72.22615814208984,
            75.45450592041016,
            73.37078094482422,
            73.18770599365234,
            77.62326049804688
        ]
    },
    "gemini-2.5-flash-preview-04-17_{temperature=0.5}": {
        "GloVe": [
            68.12368774414062,
            68.05252075195312,
            74.15789031982422,
            71.1063003540039,
            70.09821319580078,
            71.42048645019531,
            74.93407440185547,
            71.48384094238281,
            73.14269256591797,
            69.29978942871094,
            72.11491394042969,
            66.71923065185547,
            71.2360610961914,
            70.09834289550781,
            69.79596710205078,
            73.93657684326172,
            70.60397338867188,
            69.44023895263672
        ]
    },
    "gemini-2.5-flash-preview-04-17_{temperature=1}": {
        "GloVe": [
            70.45182800292969,
            73.32085418701172,
            68.17928314208984,
            72.96306610107422,
            71.16856384277344,
            72.73094940185547,
            67.69525146484375,
            67.2944564819336,
            67.94024658203125,
            73.65383911132812,
            77.32682800292969,
            73.58560180664062,
            73.51522064208984,
            75.07588958740234,
            68.60001373291016,
            68.83322143554688,
            71.41799926757812,
            68.30845642089844,
            76.45616149902344,
            75.89962768554688
        ]
    },
    "gemini-2.5-flash-preview-04-17_{temperature=1.5}": {
        "GloVe": [
            67.3142318725586,
            66.96527862548828,
            79.8790512084961,
            77.8361587524414,
            66.29765319824219,
            66.09970092773438,
            72.6167221069336,
            71.32962036132812,
            69.37654113769531,
            73.4564208984375,
            74.48949432373047,
            81.74422454833984,
            69.48878479003906,
            75.42072296142578,
            68.74506378173828,
            71.187744140625,
            67.02123260498047,
            74.12956237792969,
            68.7454605102539,
            72.66393280029297
        ]
    },