{
    "gemini-2.5-flash-preview-05-20_{temperature=1.0, thinking_config={'thinking_budget': 100}}": {
        "GloVe": [
            78.99168395996094,
            74.0057144165039,
            73.50527954101562,
            77.1235580444336,
            72.43444061279297,
            67.66238403320312,
            69.48863220214844,
            71.5030517578125,
            77.06060028076172,
            75.57392120361328
        ]
    },
    "gemini-2.5-flash-preview-05-20_{temperature=1.0, thinking_config={'thinking_budget': 512}}": {
        "GloVe": [
            74.72279357910156,
            73.80892944335938,
            72.4339599609375,
            72.3760757446289,
            72.77800750732422,
            72.77784729003906,
            71.96024322509766,
            69.69957733154297,
            77.5312271118164,
            79.99524688720703
        ]
    },
    "gemini-2.5-flash-preview-05-20_{temperature=1.0, thinking_config={'thinking_budget': 1000}}": {
        "GloVe": [
            71.47181701660156,
            78.27873229980469,
            81.64777374267578,
            71.29419708251953,
            75.83577728271484,
            70.10856628417969,
            72.84209442138672,
            74.26808166503906,
            69.32211303710938,
            70.06278228759766
        ]
    },
    "gemini-2.5-flash-preview-05-20_{temperature=1.0, thinking_config={'thinking_budget': 2000}}": {
        "GloVe": [
            78.823974609375,
            74.83980560302734,
            78.23200225830078,
            75.79022979736328,
            79.14073181152344,
            76.26422119140625,
            70.95755004882812,
            70.14872741699219,
            74.46609497070312,
            74.93267059326172
        ]
    },
    "gemini-2.5-flash-preview-04-17_{temperature=1.0, thinking_config={'thinking_budget': 100}}": {
        "GloVe": [
            69.82524108886719,
            77.10214233398438,
            65.67349243164062,
            70.5460433959961,
            70.992919921875,
            72.7776870727539,
            68.4277114868164,
            67.43191528320312,
            74.77449798583984,
            70.95024871826172
        ]
    },
    "gemini-2.5-flash-preview-04-17_{temperature=1.0, thinking_config={'thinking_budget': 512}}": {
        "GloVe": [
            70.9908676147461,
            69.29679870605469,
            70.87882995605469,
            72.02592468261719,
            71.72769927978516,
            73.5711898803711,
            73.18304443359375,
            75.33907318115234,
            77.75415802001953,
            67.74113464355469
        ]
    },
    "gemini-2.5-flash-preview-04-17_{temperature=1.0, thinking_config={'thinking_budget': 1000}}": {
        "GloVe": [
            71.05138397216797,
            69.46529388427734,
            73.7531509399414,
            71.05742645263672,
            73.98334503173828,
            68.35904693603516,
            69.10904693603516,
            72.2056655883789,
            71.95645904541016,
            71.8782730102539
        ]
    },
    "gemini-2.5-flash-preview-04-17_{temperature=1.0, thinking_config={'thinking_budget': 2000}}": {
        "GloVe": [
            70.60002899169922,
            74.6039047241211,
            80.79554748535156,
            73.93214416503906,
            71.69351196289062,
            73.24208068847656,
            69.89754486083984,
            70.06031036376953,
            73.20437622070312,
            73.61164855957031
        ]
    }
}