{
    "gemini-2.5-flash_{\"temperature\": 0.5, \"thinking_config\": {\"thinking_budget\": 20}}": {
        "GloVe": [
            12.410125475076667,
            53.1760500060092,
            38.576089299734406,
            27.055592268066487,
            38.576089299734406,
            12.410125475076667,
            38.576089299734406,
            38.576089299734406,
            38.576089299734406,
            38.576089299734406
        ],
        "BERT_WordEmbeddings_L6": [
            60.80094404526645,
            15.114006353736576,
            86.09056906352657,
            59.394800208231125,
            86.09056906352657,
            60.80094404526645,
            86.09056906352657,
            86.09056906352657,
            86.09056906352657,
            86.09056906352657
        ],
        "BERT_WordEmbeddings_L7": [
            60.80094404526645,
            15.114006353736576,
            86.09056906352657,
            59.394800208231125,
            86.09056906352657,
            60.80094404526645,
            86.09056906352657,
            86.09056906352657,
            86.09056906352657,
            86.09056906352657
        ],
        "config": {
            "temperature": 0.5,
            "thinking_config": {
                "thinking_budget": 20
            }
        }
    },
    "gemini-2.5-flash_{\"temperature\": 0.5, \"thinking_config\": {\"thinking_budget\": 50}}": {
        "GloVe": [
            66.88256144724421,
            13.571244476361716,
            13.571244476361716,
            13.571244476361716,
            13.571244476361716,
            13.571244476361716,
            35.84906386340015,
            17.56308874694038,
            44.51886796096948,
            70.95576093579885
        ],
        "BERT_WordEmbeddings_L6": [
            9.665374213510331,
            88.9931344004642,
            88.9931344004642,
            88.9931344004642,
            88.9931344004642,
            88.9931344004642,
            30.813004701542678,
            81.07995926824546,
            70.66125948583618,
            19.45894209535662
        ],
        "BERT_WordEmbeddings_L7": [
            9.665374213510331,
            88.9931344004642,
            88.9931344004642,
            88.9931344004642,
            88.9931344004642,
            88.9931344004642,
            30.813004701542678,
            81.07995926824546,
            70.66125948583618,
            19.45894209535662
        ],
        "config": {
            "temperature": 0.5,
            "thinking_config": {
                "thinking_budget": 50
            }
        }
    },
    "gemini-2.5-flash_{\"temperature\": 0.5, \"thinking_config\": {\"thinking_budget\": 100}}": {
        "GloVe": [
            85.90364866374533,
            17.56308874694038,
            38.576089299734406,
            53.56620332512606,
            17.56308874694038,
            68.88598273449021,
            51.7394759528273,
            48.45492811914429,
            86.93454977239615,
            35.848967930729984
        ],
        "BERT_WordEmbeddings_L6": [
            48.97718927602692,
            81.07995926824546,
            86.09056906352657,
            44.25756472047803,
            81.07995926824546,
            20.232029589035783,
            8.172274284429292,
            78.39359570468748,
            8.480552692187954,
            30.812956827086747
        ],
        "BERT_WordEmbeddings_L7": [
            48.97718927602692,
            81.07995926824546,
            86.09056906352657,
            44.25756472047803,
            81.07995926824546,
            20.232029589035783,
            8.172274284429292,
            78.39359570468748,
            8.480552692187954,
            30.812956827086747
        ],
        "config": {
            "temperature": 0.5,
            "thinking_config": {
                "thinking_budget": 100
            }
        }
    },
    "gemini-2.5-flash_{\"temperature\": 0.5, \"thinking_config\": {\"thinking_budget\": 200}}": {
        "GloVe": [
            36.269327489058306,
            76.92739585809407,
            35.848967930729984,
            20.255988883025715,
            44.87009374106364,
            9.15113435795204,
            17.5629560528031,
            38.668347987843475,
            39.88297821527224,
            7.831376585287194
        ],
        "BERT_WordEmbeddings_L6": [
            63.67676130274687,
            94.88114828628633,
            30.812956827086747,
            63.23974215449438,
            73.36454177666613,
            89.61510831790737,
            81.07995926824546,
            91.1528447391099,
            13.184986814577682,
            56.79948544965573
        ],
        "BERT_WordEmbeddings_L7": [
            63.67676130274687,
            94.88114828628633,
            30.812956827086747,
            63.23974215449438,
            73.36454177666613,
            89.61510831790737,
            81.07995926824546,
            91.1528447391099,
            13.184986814577682,
            56.79948544965573
        ],
        "config": {
            "temperature": 0.5,
            "thinking_config": {
                "thinking_budget": 200
            }
        }
    },
    "gemini-2.5-flash_{\"temperature\": 0.5, \"thinking_config\": {\"thinking_budget\": 400}}": {
        "GloVe": [
            10.808948026206961,
            54.85142197977204,
            13.571244476361716,
            59.15963577343851,
            4.829127994599937,
            22.715019751940908,
            85.7649696082523,
            39.047973094739895,
            69.04442250311237,
            75.36547114916321
        ],
        "BERT_WordEmbeddings_L6": [
            46.62220840322572,
            35.33614638045376,
            88.9931344004642,
            50.20071790967108,
            74.00284565669347,
            53.75421345379648,
            51.63765605979881,
            94.2329923771494,
            81.68598034807162,
            68.53187934963587
        ],
        "BERT_WordEmbeddings_L7": [
            46.62220840322572,
            35.33614638045376,
            88.9931344004642,
            50.20071790967108,
            74.00284565669347,
            53.75421345379648,
            51.63765605979881,
            94.2329923771494,
            81.68598034807162,
            68.53187934963587
        ],
        "config": {
            "temperature": 0.5,
            "thinking_config": {
                "thinking_budget": 400
            }
        }
    },
    "gemini-2.5-flash_{\"temperature\": 0.5, \"thinking_config\": {\"thinking_budget\": 300}}": {
        "GloVe": [
            13.57118851947343,
            4.829127994599937,
            2.111806311718369,
            42.26944260257171,
            27.315705846147086,
            96.6276125582551,
            73.22612959791283,
            27.055592268066487,
            0.7800067015565946,
            17.56315509424725
        ],
        "BERT_WordEmbeddings_L6": [
            88.9931344004642,
            74.00288978751499,
            69.99413339603538,
            1.8998775915987156,
            47.003986251472526,
            58.44107773267231,
            21.91400328449951,
            59.394800208231125,
            5.415864068327412,
            81.07988561524162
        ],
        "BERT_WordEmbeddings_L7": [
            88.9931344004642,
            74.00288978751499,
            69.99413339603538,
            1.8998775915987156,
            47.003986251472526,
            58.44107773267231,
            21.91400328449951,
            59.394800208231125,
            5.415864068327412,
            81.07988561524162
        ],
        "config": {
            "temperature": 0.5,
            "thinking_config": {
                "thinking_budget": 300
            }
        }
    },