{
    "gemini-2.0-flash_{temperature=0.5}": {
        "GloVe": [
            47.242673534694646,
            78.8014667919278,
            44.49593729001665,
            87.3536428196756,
            67.93561628623985,
            88.64025448913547,
            78.8014667919278,
            89.35990718069046,
            81.48212710983387,
            91.4062677287507
        ]
    },
    "gemini-2.0-flash_{temperature=1}": {
        "GloVe": [
            89.13928676762184,
            86.0782631891651,
            85.8218854296112,
            79.65750877844067,
            81.44200577438366,
            85.08036100381852,
            86.82795172331748,
            73.54083188456542,
            91.12818569540552,
            88.78159366254042
        ]
    },
    "gemini-2.0-flash_{temperature=1.5}": {
        "GloVe": [
            88.1562954471494,
            79.33114477151096,
            84.6021079703638,
            79.72397277843969,
            90.02787373326721,
            88.88302594812112,
            71.85500702166733,
            94.82683084233815,
            72.06071619490555,
            59.19665272820729
        ]
    },
    "gemini-2.0-flash_{temperature=2}": {
        "GloVe": [
            79.15847829180132,
            85.32689038270898,
            91.98790259292701,
            90.78738830825583,
            85.02707612291947,
            79.55811756296265,
            81.11130721137498,
            80.02916723217976,
            73.9046785100401,
            83.96287096203133
        ]
    },
    "gemini-1.5-flash_{temperature=0.5}": {
        "GloVe": [
            13.001649639558831,
            13.001649639558831,
            15.484345540768963,
            9.725669881426729,
            23.62514205000536,
            13.001649639558831,
            13.001649639558831,
            13.001649639558831,
            15.484345540768963,
            13.001649639558831
        ]
    },
    "gemini-1.5-flash_{temperature=1}": {
        "GloVe": [
            16.65043547050403,
            14.897668397479007,
            28.697131400302702,
            29.79450474294221,
            25.644246545976358,
            19.835896840226,
            33.34908919598149,
            39.37817183754431,
            9.725669881426729,
            33.6564971282632
        ]
    },
    "gemini-1.5-flash_{temperature=1.5}": {
        "GloVe": [
            33.0962184306059,
            12.304030706906893,
            25.790944488862834,
            10.083168734100445,
            5.926458224441317,
            12.771709739308484,
            15.484345540768963,
            8.117253332578066,
            16.09753933928956,
            15.484345540768963
        ]
    },
    "gemini-1.5-flash_{temperature=2}": {
        "GloVe": [
            24.48683005433441,
            16.84312678240005,
            33.581255321578766,
            6.721640653384611,
            5.476839725788268,
            22.63641586445262,
            15.484345540768963,
            35.24049586635041,
            13.001631056153123,
            32.140654827011495
        ]
    }
}