{
    "gemini-2.0-flash_{\"temperature\": 0.5}": {
        "GloVe": [
            65.64894104003906,
            58.036659240722656,
            59.316795349121094,
            86.28999328613281,
            86.4790267944336,
            87.51099395751953,
            82.01509094238281,
            60.35013198852539,
            65.05110931396484,
            79.22989654541016,
            84.37754821777344,
            67.9783706665039,
            89.4749526977539,
            66.02885437011719,
            64.74115753173828,
            89.7780532836914,
            84.11881256103516,
            69.15827941894531,
            68.46796417236328,
            79.85920715332031
        ],
        "config": {
            "temperature": 0.5
        }
    },
    "gemini-2.0-flash_{\"temperature\": 0.625}": {
        "GloVe": [
            79.34293365478516,
            87.35198974609375,
            86.5969009399414,
            63.44095993041992,
            85.56083679199219,
            84.8053970336914,
            82.88003540039062,
            82.40576934814453,
            68.46796417236328,
            66.99291229248047,
            68.46796417236328,
            85.79183197021484,
            85.04141235351562,
            86.69429779052734,
            66.83677673339844,
            88.56541442871094,
            83.99264526367188,
            56.498634338378906,
            68.46796417236328,
            84.11881256103516
        ],
        "config": {
            "temperature": 0.625
        }
    },
    "gemini-2.0-flash_{\"temperature\": 0.75}": {
        "GloVe": [
            60.75528335571289,
            73.0411376953125,
            77.62482452392578,
            83.33584594726562,
            84.52155303955078,
            87.96731567382812,
            84.51182556152344,
            69.32942199707031,
            83.66046142578125,
            72.16612243652344,
            87.40058898925781,
            66.83677673339844,
            87.94647216796875,
            66.9851303100586,
            86.61814880371094,
            87.19896697998047,
            89.51542663574219,
            90.67385864257812,
            63.0778923034668,
            81.54026794433594
        ],
        "config": {
            "temperature": 0.75
        }
    },
    "gemini-2.0-flash_{\"temperature\": 0.875}": {
        "GloVe": [
            83.47159576416016,
            69.15827941894531,
            82.46984100341797,
            68.43223571777344,
            60.308902740478516,
            68.44987487792969,
            74.88453674316406,
            84.57585906982422,
            84.82874298095703,
            79.97736358642578,
            69.15827178955078,
            86.46531677246094,
            81.261962890625,
            84.04790496826172,
            88.31967163085938,
            64.74116516113281,
            84.58477020263672,
            85.33506774902344,
            87.02241516113281,
            82.36688995361328
        ],
        "config": {
            "temperature": 0.875
        }
    },
    "gemini-2.0-flash_{\"temperature\": 1}": {
        "GloVe": [
            85.11007690429688,
            76.71662902832031,
            85.3936767578125,
            86.31391143798828,
            67.21705627441406,
            84.03687286376953,
            69.50230407714844,
            82.66258239746094,
            69.32942199707031,
            81.35182189941406,
            56.103790283203125,
            79.73922729492188,
            86.3152084350586,
            88.11585235595703,
            62.89214324951172,
            64.07493591308594,
            84.00309753417969,
            68.84236907958984,
            80.5433120727539,
            69.09190368652344
        ],
        "config": {
            "temperature": 1
        }
    },
    "gemini-2.0-flash_{\"temperature\": 1.125}": {
        "GloVe": [
            86.28999328613281,
            86.41839599609375,
            75.0484619140625,
            80.39678955078125,
            69.32940673828125,
            78.7816162109375,
            85.641845703125,
            83.55770111083984,
            65.31302642822266,
            67.50849151611328,
            79.13835906982422,
            92.6820297241211,
            60.35013198852539,
            69.15827941894531,
            71.01885986328125,
            79.41495513916016,
            86.27113342285156,
            78.18645477294922,
            81.60611724853516,
            78.75220489501953
        ],
        "config": {
            "temperature": 1.125
        }
    },
    "gemini-2.0-flash_{\"temperature\": 1.25}": {
        "GloVe": [
            65.00922393798828,
            79.38018798828125,
            77.55722045898438,
            72.07765197753906,
            86.9850845336914,
            76.23788452148438,
            85.5641098022461,
            86.2491226196289,
            64.48822784423828,
            84.94690704345703,
            69.32941436767578,
            90.5593490600586,
            70.8531723022461,
            77.62030029296875,
            82.6180191040039,
            84.0281753540039,
            82.59003448486328,
            79.48514556884766,
            87.09040832519531,
            87.76493072509766
        ],
        "config": {
            "temperature": 1.25
        }
    },
    "gemini-2.0-flash_{\"temperature\": 1.5}": {
        "GloVe": [
            75.50475311279297,
            78.27876281738281,
            85.14454650878906,
            81.70675659179688,
            70.46668243408203,
            87.24363708496094,
            90.03422546386719,
            53.495906829833984,
            66.59688568115234,
            67.2854232788086,
            82.06352233886719,
            83.06130981445312,
            84.43726348876953,
            87.60611724853516,
            83.38428497314453,
            84.87482452392578,
            82.68278503417969,
            65.68558502197266,
            81.70481872558594,
            83.3914794921875
        ],
        "config": {
            "temperature": 1.5
        }
    },
    "gemini-2.0-flash_{\"temperature\": 1.625}": {
        "GloVe": [
            64.34532165527344,
            72.14442443847656,
            69.26109313964844,
            83.13813781738281,
            79.244873046875,
            64.78984832763672,
            84.5920181274414,
            70.69947052001953,
            86.10763549804688,
            79.54685974121094,
            69.27494049072266,
            85.88822174072266,
            87.03595733642578,
            74.91828155517578,
            81.94622039794922,
            68.12789154052734,
            61.761348724365234,
            62.14157485961914,
            86.54862976074219,
            64.03597259521484
        ],
        "config": {
            "temperature": 1.625
        }
    },
    "gemini-2.0-flash_{\"temperature\": 1.75}": {
        "GloVe": [
            79.46406555175781,
            67.92256927490234,
            86.6029281616211,
            69.25477600097656,
            84.927978515625,
            59.41845703125,
            62.57905960083008,
            65.6098861694336,
            83.29110717773438,
            90.64234161376953,
            83.3898696899414,
            62.16037368774414,
            76.9539566040039,
            67.79219818115234,
            74.93670654296875,
            64.73062133789062,
            62.20042037963867,
            66.42420959472656,
            84.84320831298828,
            82.12577056884766
        ],
        "config": {
            "temperature": 1.75
        }
    },