{
    "claude/claude-sonnet-4-20250514_{\"temperature\": 0.5}": {
        "GloVe": [
            81.40707412226634,
            77.88982193804148,
            74.368603617856,
            82.56548144149058,
            70.81490942474568,
            82.34672139991413,
            78.01298674083117,
            69.8017852324428,
            82.56548144149058,
            70.12968948393157,
            82.34672139991413,
            77.89024286197893,
            73.03913538203095,
            79.94489362745574,
            71.21537912524107,
            81.40707412226634,
            79.17277328670025,
            71.49831117554145,
            80.68201957326947,
            69.389672396761
        ],
        "BERT_WordEmbeddings_L6": [
            44.58224105834961,
            40.724578857421875,
            40.94466781616211,
            44.27189636230469,
            37.64193344116211,
            43.85518264770508,
            41.68701171875,
            40.60693359375,
            44.27189636230469,
            37.5294189453125,
            43.85518264770508,
            41.98529815673828,
            42.23457336425781,
            42.19971466064453,
            37.798770904541016,
            44.58224105834961,
            40.90936279296875,
            42.836673736572266,
            43.8464469909668,
            37.81393051147461
        ],
        "BERT_WordEmbeddings_L7": [
            44.75075149536133,
            40.15011215209961,
            40.81958770751953,
            44.41274642944336,
            36.879356384277344,
            43.926116943359375,
            41.33272933959961,
            40.66285705566406,
            44.41274642944336,
            36.63506317138672,
            43.926116943359375,
            41.55697250366211,
            42.50614929199219,
            41.72987365722656,
            37.101715087890625,
            44.75075149536133,
            40.45336151123047,
            42.6921501159668,
            43.215309143066406,
            37.37925338745117
        ],
        "config": {
            "temperature": 0.5
        }
    },
    "claude/claude-sonnet-4-20250514_{\"temperature\": 1}": {
        "GloVe": [
            80.88290463342811,
            76.41391225836493,
            69.8017852324428,
            82.12595342686681,
            69.389672396761,
            84.5827760301869,
            75.50693928743854,
            70.52316990765658,
            80.49184982523774,
            70.68680962829879,
            83.53598713592598,
            77.07444701456663,
            71.18139217297235,
            83.55297834160879,
            69.29223609693122,
            81.89186940646984,
            76.84135075771448,
            69.94291887138829,
            83.52743759469101,
            70.81490942474568
        ],
        "BERT_WordEmbeddings_L6": [
            42.27303695678711,
            43.181724548339844,
            40.606929779052734,
            43.90846633911133,
            37.81392288208008,
            42.80573272705078,
            42.787925720214844,
            41.684478759765625,
            41.895328521728516,
            37.01853942871094,
            43.6292839050293,
            41.81449890136719,
            39.83027648925781,
            41.855995178222656,
            37.73063659667969,
            43.0706901550293,
            40.38082504272461,
            40.119544982910156,
            42.029266357421875,
            37.64193344116211
        ],
        "BERT_WordEmbeddings_L7": [
            41.950340270996094,
            42.55513381958008,
            40.6628532409668,
            43.686798095703125,
            37.379249572753906,
            42.70433044433594,
            41.83168029785156,
            41.713191986083984,
            41.29100036621094,
            36.418243408203125,
            43.9275016784668,
            41.17216873168945,
            39.68824005126953,
            41.7220573425293,
            37.175575256347656,
            42.99835968017578,
            39.77446365356445,
            40.39217758178711,
            41.68683624267578,
            36.87934875488281
        ],
        "config": {
            "temperature": 1
        }
    },
    "claude/claude-sonnet-4-20250514_{\"temperature\": 1.5}": {
        "GloVe": [
            80.8747075780323,
            77.57668538075505,
            72.45126039241299,
            81.47967540743676,
            68.93815741394505,
            80.64926986893019,
            72.11002975024961,
            79.7205830895991,
            81.0371145606041,
            70.44847393126199,
            79.99642153806758,
            72.69481327949148,
            72.6003597631599,
            81.8146362646737,
            69.01649496320522,
            83.20311424181317,
            77.4618381239248,
            72.24232334304939,
            83.64909176122059,
            71.21537912524107
        ],
        "BERT_WordEmbeddings_L6": [
            42.936279296875,
            42.509864807128906,
            41.5550537109375,
            42.291141510009766,
            38.90208053588867,
            43.11807632446289,
            40.753387451171875,
            39.85215759277344,
            44.68465042114258,
            38.54063034057617,
            42.435916900634766,
            41.300048828125,
            44.64064025878906,
            43.62450408935547,
            37.344764709472656,
            43.92218017578125,
            41.64914321899414,
            41.4743537902832,
            41.867645263671875,
            37.79876708984375
        ],
        "BERT_WordEmbeddings_L7": [
            42.178009033203125,
            42.13386917114258,
            41.489315032958984,
            41.776573181152344,
            38.31789779663086,
            43.185665130615234,
            40.1925163269043,
            39.591373443603516,
            44.47894287109375,
            38.00647735595703,
            42.02560806274414,
            41.1312370300293,
            43.84410858154297,
            44.04063034057617,
            36.749996185302734,
            44.23257064819336,
            41.039615631103516,
            40.76838302612305,
            41.05670166015625,
            37.101715087890625
        ],
        "config": {
            "temperature": 1.5
        }
    },
    "claude/claude-sonnet-4-20250514_{\"temperature\": 2}": {
        "GloVe": [
            82.46350748408021,
            75.85296347511537,
            69.63017178755818,
            82.09887982882333,
            70.6672153012319,
            82.70927318795161,
            75.69123229971437,
            61.300563089775316,
            82.67388780403769,
            69.27709261124785,
            81.86164729748711,
            76.58755179833283,
            73.56323092950113,
            83.11742238813278,
            72.10631092840974,
            81.99477311167301,
            77.120539562946,
            71.3511334675731,
            82.20324506983161,
            69.389672396761
        ],
        "BERT_WordEmbeddings_L6": [
            44.1639518737793,
            43.12856674194336,
            41.71049118041992,
            43.01800537109375,
            39.14984893798828,
            43.02706527709961,
            42.46582794189453,
            38.820068359375,
            44.149906158447266,
            37.431800842285156,
            43.492286682128906,
            43.47759246826172,
            41.90670394897461,
            43.041160583496094,
            39.777584075927734,
            42.984317779541016,
            41.279563903808594,
            40.948551177978516,
            43.76655578613281,
            37.813926696777344
        ],