{
    "gemini-2.5-flash-lite-preview-06-17_{\"temperature\": 1, \"thinking_config\": {\"thinking_budget\": 20}}": {
        "GloVe": [
            55.00019120791884,
            49.07559316165388,
            92.57339328532721,
            91.05338966447735,
            77.5861858456255,
            63.09002550899546,
            75.94978864717916,
            55.78097890909165,
            68.24072611334479,
            8.614228590490585,
            13.716929196858635,
            66.42031161737356,
            11.465488562212217,
            81.01528260096471,
            4.6618203121371256,
            44.726538691899265,
            45.00173932555903,
            70.23261263671772,
            44.44981197090521,
            16.682806465152677,
            90.05141718960364,
            92.50569765955522,
            86.33415676332278,
            31.382040070201146,
            20.475818351823722
        ],
        "config": {
            "temperature": 1,
            "thinking_config": {
                "thinking_budget": 20
            }
        }
    },
    "gemini-2.5-flash-lite-preview-06-17_{\"temperature\": 1, \"thinking_config\": {\"thinking_budget\": 50}}": {
        "GloVe": [
            65.20404893386352,
            45.37377061611588,
            33.41084113927795,
            23.926463131374305,
            69.04754025248371,
            49.22509414958632,
            94.32572097867349,
            4.961227049505911,
            26.171189327640874,
            35.40515951057231,
            75.67650310020524,
            83.34205201852055,
            96.8483439381094,
            20.478338906277415,
            61.78560567981255,
            43.37498199256761,
            38.216355694592885,
            31.662550216855788,
            44.3180891659473,
            41.882157453923796,
            75.83463152857306,
            4.96357689751489,
            98.90048506945207,
            43.37310541477207,
            15.35426302225742
        ],
        "config": {
            "temperature": 1,
            "thinking_config": {
                "thinking_budget": 50
            }
        }
    },
    "gemini-2.5-flash-lite-preview-06-17_{\"temperature\": 1, \"thinking_config\": {\"thinking_budget\": 100}}": {
        "GloVe": [
            75.37403160174823,
            59.93679336757105,
            48.38398988548435,
            71.87173087392459,
            52.09906983439615,
            59.459610998209236,
            36.41057482268255,
            90.70438412874675,
            17.674955130336688,
            14.54533941999913,
            8.660551900270086,
            91.69022819887739,
            52.98636743580256,
            64.49262145139386,
            60.85933174671821,
            94.63516171957784,
            99.16863597382111,
            84.49429293560225,
            79.60176983488105,
            56.203920732304,
            93.48397861947443,
            31.956335456034786,
            21.79747085443796,
            94.62968231481533,
            16.86910346035949
        ],
        "config": {
            "temperature": 1,
            "thinking_config": {
                "thinking_budget": 100
            }
        }
    },
    "gemini-2.5-flash-lite-preview-06-17_{\"temperature\": 1, \"thinking_config\": {\"thinking_budget\": 200}}": {
        "GloVe": [
            34.90574972663419,
            1.195916065139844,
            72.66781053047325,
            24.267430058223894,
            93.0573888294916,
            55.64820432361313,
            67.13647893423052,
            52.44699502507765,
            8.19487221159596,
            7.064854119951079,
            85.73665173668392,
            44.24380354294156,
            92.54035123901852,
            87.55641237830658,
            34.44376764219877,
            85.22622223286096,
            68.24247365670753,
            31.6591068516098,
            5.230898928917121,
            76.06867670033652,
            2.5653069553208847,
            58.4142862909078,
            85.49196614536369,
            31.626614977115423,
            36.45472163516965
        ],
        "config": {
            "temperature": 1,
            "thinking_config": {
                "thinking_budget": 200
            }
        }
    },
    "gemini-2.5-flash-lite-preview-06-17_{\"temperature\": 1, \"thinking_config\": {\"thinking_budget\": 400}}": {
        "GloVe": [
            83.73001622422964,
            48.88895999211053,
            80.17242790769588,
            93.65965025157601,
            11.464821345994498,
            21.906892542260497,
            22.722012451786927,
            85.4140352996555,
            95.90376517726624,
            5.544906757663915,
            97.68086608163622,
            72.3140325167179,
            67.32036173750322,
            58.965563888101,
            96.72228502952021,
            52.9158371687258,
            17.924622036289644,
            8.649308742952327,
            97.36025420083038,
            94.7292604354654,
            77.64842762122368,
            40.61302555982411,
            74.03399371161919,
            38.04606632717344,
            70.24991649354166
        ],
        "config": {
            "temperature": 1,
            "thinking_config": {
                "thinking_budget": 400
            }
        }
    },
    "gemini-2.5-flash-lite-preview-06-17_{\"temperature\": 1, \"thinking_config\": {\"thinking_budget\": 300}}": {
        "GloVe": [
            34.48085287762379,
            8.484933082233992,
            97.86110724223707,
            53.74201016250939,
            38.78988143584456,
            23.75336186156215,
            77.65100074993565,
            68.60112616468834,
            30.991419602737796,
            42.59140491708553,
            60.74280207469154,
            4.904894695639415,
            16.565316281050137,
            67.83425176548117,
            52.47896584484386,
            48.622897557740785,
            71.17683428655005,
            98.0485452897575,
            91.62097268703087,
            48.94179834901512,
            63.67039598083768,
            11.308358973007799,
            2.266654369256651,
            54.11474247533003,
            75.5665044081866
        ],
        "config": {
            "temperature": 1,
            "thinking_config": {
                "thinking_budget": 300
            }
        }
    },
    "gemini-2.5-flash-lite-preview-06-17_{\"temperature\": 1, \"thinking_config\": {\"thinking_budget\": 1000}}": {
        "GloVe": [
            36.47194725159591,
            7.967303383007857,
            46.835757734486755,
            96.11476057183766,
            37.59300010041289,
            46.33939893567959,
            43.246419061247806,
            27.907507634903777,
            6.94846099318327,
            71.33391828966265,
            7.169937872828372,
            67.937649907981,
            64.38398633854493,
            39.531096914053634,
            96.67256550642531,
            73.45539272332077,
            2.4376687255217404,
            85.56148747603493,
            60.08082936411008,
            13.12011654236906,
            90.15156050544664,
            74.84937421382986,
            22.89889308435339,
            0.03337103127468001,
            72.5656352212738
        ],
        "config": {
            "temperature": 1,
            "thinking_config": {
                "thinking_budget": 1000
            }
        }
    },