{
    "gemini-2.0-flash-lite_{\"temperature\": 1.1}": {
        "GloVe": [
            20.886353167174093,
            9.87982367287305,
            39.924643297636166,
            46.09384749393337,
            59.8006787802186,
            58.115734378953256,
            47.91181867762989,
            75.12673919578742,
            44.70166975993647,
            20.21260194865223
        ],
        "BERT_WordEmbeddings_L6": [
            18.658574527682397,
            37.429886739868124,
            3.9811807645412864,
            10.472163173613058,
            19.84949987307324,
            45.401126060645986,
            12.336795498523045,
            16.617365330741645,
            17.38135293305465,
            24.268897717221353
        ],
        "BERT_WordEmbeddings_L7": [
            16.314950045136488,
            34.62087906277963,
            3.440820537365704,
            12.858650616388228,
            14.860218388584773,
            36.95838837061842,
            16.607677452134002,
            19.78544819314818,
            14.129453808741276,
            20.691285163206164
        ],
        "config": {
            "temperature": 1.1
        }
    },
    "gemini-2.5-pro_{\"temperature\": 1.1}": {
        "GloVe": [
            45.07527954032732,
            78.32584022871872,
            69.95136300011033,
            11.289090851564504,
            54.5949744463726,
            42.426539926850495,
            11.154697162604283,
            34.51831576113739,
            69.49849804674137,
            25.416236813715205
        ],
        "BERT_WordEmbeddings_L6": [
            28.754743056018317,
            51.7794344983306,
            55.52555258271645,
            61.084259743623214,
            31.873374514077973,
            40.84346329750002,
            73.38333856974536,
            30.924824354230886,
            52.718988664605746,
            55.26340325863144
        ],
        "BERT_WordEmbeddings_L7": [
            20.061280237816653,
            54.76203070353588,
            51.506484186475085,
            59.51693632123529,
            34.97315443617156,
            39.70112692120297,
            72.87794622560251,
            39.887448495346604,
            53.79778419398378,
            50.72348583488089
        ],
        "config": {
            "temperature": 1.1
        }
    },
    "gemini-2.5-flash_{\"temperature\": 1.1}": {
        "GloVe": [
            9.464694296208027,
            54.49382126783093,
            16.687432358110048,
            61.29907892501814,
            18.25587974953944,
            39.699306035536516,
            66.92468117712987,
            70.35004333745137,
            24.358771304094557,
            9.687839646504653
        ],
        "BERT_WordEmbeddings_L6": [
            49.410741204393545,
            55.26964585926751,
            19.417914368520044,
            40.91621097066189,
            48.125359488476455,
            25.105119283619416,
            65.69603443839131,
            65.62342584942449,
            32.62997858077525,
            62.06999692369129
        ],
        "BERT_WordEmbeddings_L7": [
            49.00434989885909,
            54.43458472029705,
            20.78457270810519,
            56.218467872705766,
            33.928054788646186,
            27.85835056362475,
            57.971220183897245,
            72.26032082406611,
            24.397750816188434,
            54.5362881885362
        ],
        "config": {
            "temperature": 1.1
        }
    },
    "gemini-2.5-flash-lite_{\"temperature\": 1.1}": {
        "GloVe": [
            20.890337577335536,
            69.3771006133517,
            11.088301894736164,
            7.264394669996553,
            27.888232040582572,
            68.50283358213514,
            52.26367566170571,
            2.041636131920369,
            49.88785747852007,
            8.474613297307238
        ],
        "BERT_WordEmbeddings_L6": [
            45.083764109449305,
            88.98669092479301,
            42.56174946436166,
            38.621865656583374,
            21.23040003418182,
            91.4925022127687,
            11.831229743374811,
            28.974932998648306,
            75.05967724375814,
            46.60951318157298
        ],
        "BERT_WordEmbeddings_L7": [
            42.03076694255945,
            91.86240897130344,
            38.93114358049323,
            48.730537743905515,
            33.610641005821584,
            92.24022816456954,
            13.495217962807793,
            34.6437980429364,
            66.5709873556824,
            49.297598384293714
        ],
        "config": {
            "temperature": 1.1
        }
    },
    "gemini-2.0-flash_{\"temperature\": 1.1}": {
        "GloVe": [
            90.66784737787958,
            86.7228853454455,
            87.3619750622945,
            94.32577527810639,
            98.26989172287578,
            97.89741167740205,
            67.85715850179969,
            88.89305725655065,
            97.21592146088756,
            96.62051213546992
        ],
        "BERT_WordEmbeddings_L6": [
            4.618652915663226,
            95.0721875303411,
            50.33304533162928,
            97.86451228101625,
            95.1911725692988,
            98.1786319467692,
            10.962438813511344,
            97.34186841692791,
            91.3485223027017,
            99.48707394855631
        ],
        "BERT_WordEmbeddings_L7": [
            6.243226214944551,
            93.31569616234248,
            52.162997392266284,
            97.92552940282421,
            95.88116280881245,
            98.46998481031619,
            13.166352672053971,
            96.57296804518387,
            87.03989223207395,
            99.75810108759336
        ],
        "config": {
            "temperature": 1.1
        }
    }
}