{
    "claude/claude-sonnet-4-20250514_{\"temperature\": 0.5}": {
        "GloVe": [
            84.67937347032188,
            64.8626356594406,
            39.732679224769804,
            89.13884972014137,
            18.19180791638095,
            88.37743212196345,
            65.69180584419716,
            13.72488859288261,
            89.13884972014137,
            15.08044831270266,
            88.37743212196345,
            64.86548175786031,
            30.761473523968103,
            77.52461451791947,
            20.18370308444133,
            84.67937347032188,
            73.08828542102654,
            21.666633542746176,
            81.34301303297813,
            12.142602066537622
        ],
        "BERT_WordEmbeddings_L6": [
            87.80997787982068,
            27.541527250607402,
            30.99519779548654,
            84.7031488446456,
            2.250455044946302,
            79.77025825222557,
            43.76588222988993,
            25.77645311910525,
            84.7031488446456,
            1.9893070091060658,
            79.77025825222557,
            49.175844949716165,
            53.712803261351105,
            53.079904081506946,
            2.662234396753919,
            87.80997787982068,
            30.428607836248666,
            64.36457855083164,
            79.657594060608,
            2.705177089641422
        ],
        "BERT_WordEmbeddings_L7": [
            89.61549376424895,
            24.680958445902395,
            34.39879918265844,
            86.8020200014059,
            1.9367944901424416,
            81.895830256334,
            42.67247723123895,
            31.994696638518583,
            86.8020200014059,
            1.4994540860923722,
            81.895830256334,
            46.416734807463854,
            62.21904678362308,
            49.327341610086044,
            2.4247812830065882,
            89.61549376424895,
            28.897128405241766,
            65.16777241344087,
            72.93910572012963,
            3.174851477754818
        ],
        "config": {
            "temperature": 0.5
        }
    },
    "claude/claude-sonnet-4-20250514_{\"temperature\": 1}": {
        "GloVe": [
            82.3095692870579,
            54.48139607650616,
            13.72488859288261,
            87.57138286910899,
            12.142602066537622,
            94.53869238493775,
            47.895999543312854,
            16.821043597236564,
            80.39848745268714,
            17.581530974208015,
            92.08571522178804,
            59.21111029658499,
            20.009749413405327,
            92.13128878898382,
            11.788036477292184,
            86.67486482995122,
            57.55364323710942,
            14.29778334712275,
            92.06270831221768,
            18.19180791638095
        ],
        "BERT_WordEmbeddings_L6": [
            54.41005783595209,
            70.04965420191323,
            25.776396852669325,
            80.4493422742855,
            2.7051553332846927,
            63.83635975039734,
            63.53115470989971,
            43.7202944878651,
            47.53788858304118,
            1.1030506627167131,
            76.73843284608675,
            46.06979275889087,
            15.744731316233029,
            46.82294120852477,
            2.476199340766746,
            68.26465026140426,
            22.556522555039205,
            19.13653166268387,
            49.97699251999226,
            2.250455044946302
        ],
        "BERT_WordEmbeddings_L7": [
            53.04179731590355,
            63.00337115176351,
            31.99463898421051,
            79.11022873930746,
            3.1748399805705803,
            65.35793243041608,
            51.04382315808702,
            49.04611938625134,
            41.981919662530466,
            1.185254517685965,
            81.91123937489112,
            40.029584457446,
            18.948958982944603,
            49.195567938426564,
            2.608176635802938,
            69.82160255392806,
            19.95204230186804,
            28.019830889568563,
            48.60191226328613,
            1.9367792970142887
        ],
        "config": {
            "temperature": 1
        }
    },
    "claude/claude-sonnet-4-20250514_{\"temperature\": 1.5}": {
        "GloVe": [
            82.27075943788495,
            62.723254745389,
            27.100136970575576,
            84.99020056296584,
            10.561416836372734,
            81.18239350437251,
            25.079483987624457,
            76.28024172804271,
            83.02966649733526,
            16.481049491909953,
            77.80514842161323,
            28.590435765338203,
            28.007868909988098,
            86.36953905091083,
            10.824513287365356,
            91.15210175300159,
            61.92824851265416,
            25.853301533809624,
            92.38534612782094,
            20.18370308444133
        ],
        "BERT_WordEmbeddings_L6": [
            66.04595507133244,
            58.66536379877568,
            41.40333300283782,
            54.73779461867952,
            7.650575249699614,
            69.03196803732617,
            27.982643351461096,
            15.98656924017336,
            88.73045462687499,
            5.545978286476884,
            57.345144010025514,
            36.931812667355885,
            88.34115170345741,
            76.67166574902029,
            1.6165001504669911,
            80.62185492209566,
            43.08522778442005,
            39.973119226260465,
            47.03460409356626,
            2.6622236629284473
        ],
        "BERT_WordEmbeddings_L7": [
            56.849626746717085,
            56.115212352498375,
            45.282134445176055,
            50.114742718465365,
            7.228700799518794,
            72.52278129545284,
            25.250063248796412,
            17.859821385384024,
            87.390780845419,
            5.585064494179929,
            54.30550097044796,
            39.36256661900595,
            80.968626178922,
            83.14227194690638,
            1.6933277567156255,
            85.10455449505827,
            37.88105077066683,
            33.605807830705224,
            38.15605665818854,
            2.4247812830065882
        ],
        "config": {
            "temperature": 1.5
        }
    },
    "claude/claude-sonnet-4-20250514_{\"temperature\": 2}": {
        "GloVe": [
            88.78850394382567,
            50.411430483831786,
            13.049657709126617,
            87.46990605658289,
            17.48933884975604,
            89.61938191641187,
            49.23531630229797,
            0.4115296361114818,
            89.5025844346215,
            11.733594668888225,
            86.55595294495497,
            55.73374905523762,
            34.19728390740045,
            90.89898056406558,
            25.057910285649008,
            87.07431275035613,
            59.53701435123321,
            20.887506699345558,
            87.85791831661041,
            12.142602066537622
        ],
        "BERT_WordEmbeddings_L6": [
            83.50906274437642,
            69.20073798904922,
            44.188847501795685,
            67.40223410558424,
            9.412024432409327,
            67.55122013169286,
            57.88023670398936,
            7.126487754519638,
            83.34936465591306,
            1.7840190103024358,
            74.78323236309171,
            74.56849009320253,
            47.74481355917452,
            67.78245285114893,
            15.172272888446741,
            66.84583156388406,
            36.579294812651554,
            31.057799406516608,
            78.60998059513953,
            2.705166211444804
        ],