{
    "gemini-2.5-pro_{\"temperature\": 1}": {
        "results": [
            0.8100587129592896,
            0.8123629093170166,
            0.8328423500061035,
            0.8252298831939697,
            0.8171568512916565,
            0.8190802335739136,
            0.815994143486023,
            0.8149199485778809,
            0.8247257471084595,
            0.8225998282432556,
            0.8185770511627197,
            0.8139424324035645,
            0.8244637846946716,
            0.8228163719177246,
            0.8153190016746521,
            0.825556218624115,
            0.8133000731468201,
            0.8127401471138,
            0.8258660435676575,
            0.82254958152771
        ],
        "config": {
            "temperature": 1
        }
    },
    "gemini-2.5-flash_{\"temperature\": 1}": {
        "results": [
            0.8312050700187683,
            0.822902500629425,
            0.8344821929931641,
            0.8349519968032837,
            0.8327032327651978,
            0.8214114904403687,
            0.8387354016304016,
            0.8372207880020142,
            0.8276686072349548,
            0.8139703869819641,
            0.8308712244033813,
            0.8204927444458008,
            0.8243293166160583,
            0.8300877809524536,
            0.8173560500144958,
            0.8260346055030823,
            0.8288952112197876,
            0.8293479084968567,
            0.8244960904121399,
            0.8164422512054443,
            0.8228601813316345,
            0.8203164339065552,
            0.832690954208374,
            0.8184992074966431
        ],
        "config": {
            "temperature": 1
        }
    },
    "gemini-2.5-flash-lite_{\"temperature\": 1}": {
        "results": [
            0,
            0.8062869906425476,
            0.8243287801742554,
            0.8213285803794861,
            0.8339685201644897,
            0.8263928890228271,
            0.8157747983932495,
            0.8243779540061951,
            0.8198263645172119,
            0.810771107673645,
            0.8238909244537354,
            0.818520724773407,
            0.8315420746803284,
            0.8228088617324829,
            0.8178173899650574,
            0.8102656006813049,
            0.8316245079040527,
            0.8248541355133057,
            0.8253872990608215,
            0.8267664909362793,
            0.821746826171875,
            0.8132149577140808,
            0.8256337642669678,
            0.825188159942627
        ],
        "config": {
            "temperature": 1
        }
    },
    "gemini-2.0-flash_{\"temperature\": 1}": {
        "results": [
            0.8265135884284973,
            0.8250046372413635,
            0.8233686089515686,
            0.8320009708404541,
            0.8166675567626953,
            0.8177713751792908,
            0.8142651915550232,
            0.8292982578277588,
            0.8266873955726624,
            0.8243799209594727,
            0.8323359489440918,
            0.8235125541687012,
            0,
            0.8149927258491516,
            0.8226490020751953,
            0.8076810836791992,
            0.8270731568336487,
            0.8078537583351135,
            0.8219825029373169,
            0.8154808878898621,
            0.8232208490371704,
            0.8190509080886841,
            0.8127500414848328,
            0.8271002769470215
        ],
        "config": {
            "temperature": 1
        }
    },
    "gemini-2.0-flash-lite_{\"temperature\": 1}": {
        "results": [
            0.820120632648468,
            0.8132384419441223,
            0.818889856338501,
            0.808227002620697,
            0.8095770478248596,
            0.8241221308708191,
            0.8169313669204712,
            0.8143720626831055,
            0.8148086071014404,
            0.8100239634513855,
            0.8147898316383362,
            0.8016946911811829,
            0.8133223652839661,
            0.8134824633598328,
            0.8157038688659668,
            0.8055455088615417,
            0.8080748319625854,
            0.8299417495727539,
            0.8276194930076599,
            0.8048269152641296,
            0.8143948912620544,
            0.8237143158912659,
            0.8062366247177124,
            0.8220856785774231
        ],
        "config": {
            "temperature": 1
        }
    },
    "gemma-3n-e4b-it_{\"temperature\": 1}": {
        "results": [
            0.8315272331237793,
            0.8253369927406311,
            0.8279023766517639,
            0.8196557760238647,
            0.8254944682121277,
            0.8290773034095764,
            0.831945538520813,
            0.8298218846321106,
            0.8305455446243286,
            0.8186021447181702,
            0.8368961215019226,
            0.8259152770042419,
            0.8237920999526978,
            0.8415243625640869,
            0.8247923851013184,
            0.8310053944587708,
            0.8224456310272217,
            0.8201366662979126,
            0.8243920803070068,
            0.8213638663291931,
            0.8245086073875427,
            0.835417628288269,
            0.8253823518753052,
            0.8225588798522949
        ],
        "config": {
            "temperature": 1
        }
    }
}