{
    "gemini-2.5-flash-lite_{\"temperature\": 1, \"thinking_budget\": 20}": {
        "results": [
            0.8268423080444336,
            0.8197264671325684,
            0.8260533213615417,
            0.8215630650520325,
            0.8280333876609802,
            0.8203067779541016,
            0.8276267647743225,
            0.814842700958252,
            0.8228694796562195,
            0.8118210434913635,
            0.8359674215316772,
            0.8127896189689636,
            0.8335330486297607,
            0.8203588724136353,
            0.8229959607124329,
            0.8168964982032776,
            0.8308355212211609,
            0.8219056725502014,
            0.8298429250717163,
            0.8095723390579224,
            0.8249620795249939,
            0.826539933681488,
            0.8168274164199829,
            0.818378210067749,
            0.819576621055603,
            0.826431155204773,
            0.8193140625953674,
            0.8123876452445984,
            0.8295261859893799,
            0.828485906124115,
            0.8174403309822083,
            0.8234686255455017,
            0,
            0.8175036311149597,
            0.8268980383872986,
            0.8228000402450562,
            0.8268970251083374,
            0.829148530960083,
            0.8243274092674255,
            0.8279216289520264
        ],
        "config": {
            "temperature": 1,
            "thinking_budget": 20
        }
    },
    "gemini-2.5-flash-lite_{\"temperature\": 1, \"thinking_budget\": 50}": {
        "results": [
            0.825423002243042,
            0.8161352276802063,
            0.8276370763778687,
            0.8185587525367737,
            0,
            0.8234970569610596,
            0.8156319856643677,
            0.8205826282501221,
            0,
            0.8106717467308044,
            0.838341236114502,
            0.8227554559707642,
            0,
            0.8319502472877502,
            0.8245868682861328,
            0.8127235770225525,
            0.8315680623054504,
            0.8202295899391174,
            0.8271689414978027,
            0.8187723159790039,
            0.8192954659461975,
            0.8176738619804382,
            0.8248123526573181,
            0.8166720867156982,
            0,
            0.8043031692504883,
            0.8333295583724976,
            0.8299129605293274,
            0.8259864449501038,
            0.8289933204650879,
            0.8063890933990479,
            0.8108494281768799,
            0.8301951885223389,
            0.8230912685394287,
            0.8357018232345581,
            0.8211398124694824,
            0.8228892683982849,
            0.8190281391143799,
            0.825831949710846,
            0.8241152763366699
        ],
        "config": {
            "temperature": 1,
            "thinking_budget": 50
        }
    },
    "gemini-2.5-flash-lite_{\"temperature\": 1, \"thinking_budget\": 100}": {
        "results": [
            0,
            0.8153524398803711,
            0.819208025932312,
            0.8220057487487793,
            0.8343521356582642,
            0.8213725090026855,
            0.8169487714767456,
            0.8194875121116638,
            0.8203705549240112,
            0.8163480162620544,
            0.828476071357727,
            0.8177786469459534,
            0.8283059000968933,
            0.8258787393569946,
            0.8211456537246704,
            0.8269248008728027,
            0.8299411535263062,
            0.8107064962387085,
            0.8344133496284485,
            0.825697124004364,
            0,
            0.8196445107460022,
            0.818321168422699,
            0.817345380783081,
            0.8277869820594788,
            0.8109797239303589,
            0.8312044143676758,
            0.8294604420661926,
            0.8356215953826904,
            0.8172701597213745,
            0.8264954686164856,
            0.835604190826416,
            0,
            0.8238207101821899,
            0.8363620042800903,
            0.824359655380249,
            0.827001690864563,
            0.82198166847229,
            0.8249698877334595,
            0.8234149813652039
        ],
        "config": {
            "temperature": 1,
            "thinking_budget": 100
        }
    },
    "gemini-2.5-flash-lite_{\"temperature\": 1, \"thinking_budget\": 200}": {
        "results": [
            0.8183709979057312,
            0.8106012344360352,
            0.8151283264160156,
            0.8226785659790039,
            0.8228314518928528,
            0.8183912038803101,
            0.8086739778518677,
            0.8130719065666199,
            0.8277803063392639,
            0.811261773109436,
            0.8311947584152222,
            0.8291957974433899,
            0.8218265175819397,
            0.8243377804756165,
            0.8134860396385193,
            0.8243316411972046,
            0.8268135786056519,
            0.8143591284751892,
            0.8295170068740845,
            0.8270297050476074,
            0.8293922543525696,
            0.810290515422821,
            0.8281266689300537,
            0.8178658485412598,
            0.8283448815345764,
            0.8149489760398865,
            0.8251994252204895,
            0.8298979997634888,
            0.831292986869812,
            0.8210550546646118,
            0.8312684297561646,
            0.8209060430526733,
            0.823006272315979,
            0.8264090418815613,
            0.8222177028656006,
            0.8353713154792786,
            0,
            0.8277915716171265,
            0.8190367221832275,
            0.8304710388183594
        ],
        "config": {
            "temperature": 1,
            "thinking_budget": 200
        }
    },
    "gemini-2.5-flash-lite_{\"temperature\": 1, \"thinking_budget\": 400}": {
        "results": [
            0.8294639587402344,
            0.8127068281173706,
            0.8308054208755493,
            0.8151590824127197,
            0.8198822736740112,
            0.82200688123703,
            0.821953535079956,
            0.8232055306434631,
            0.8280523419380188,
            0.8132596015930176,
            0.8199177980422974,
            0.8247302770614624,
            0.8187966346740723,
            0.8355376720428467,
            0.818859338760376,
            0.8167752623558044,
            0.8349238038063049,
            0.8184153437614441,
            0.8276176452636719,
            0.8227942585945129,
            0.8289008140563965,
            0.8216884136199951,
            0.822974681854248,
            0.8294084668159485,
            0.8246402740478516,
            0.8089800477027893,
            0.8217284679412842,
            0.8289605975151062,
            0.8188942074775696,
            0.820559561252594,
            0.8260930180549622,
            0.8110124468803406,
            0,
            0.8051818609237671,
            0.8317202925682068,
            0.8077679872512817,
            0.8236702680587769,
            0.8181865215301514,
            0.8115562796592712,
            0.8185383081436157
        ],
        "config": {
            "temperature": 1,
            "thinking_budget": 400
        }
    },