{
    "gemini-2.5-flash-lite_{\"temperature\": 0.5}": {
        "results": [
            0.8244633674621582,
            0.8151071667671204,
            0.8175018429756165,
            0.8143178820610046,
            0.820091724395752,
            0.8194490075111389,
            0.8105050325393677,
            0.813892662525177,
            0.8220102190971375,
            0.8203409910202026,
            0.8209629654884338,
            0.8129181861877441,
            0.8263036608695984,
            0.8149911165237427,
            0.8140808939933777,
            0.8151528239250183,
            0.8220393061637878,
            0.8174035549163818,
            0.8214695453643799,
            0.8109959363937378,
            0.8122415542602539,
            0.8238611817359924,
            0.8115037083625793,
            0.82232666015625,
            0,
            0.8025614023208618,
            0.8264797329902649,
            0.8194650411605835,
            0.827935516834259,
            0.821540892124176,
            0.8207022547721863,
            0.8202950954437256,
            0.8278293013572693,
            0.8200365900993347,
            0.8173159956932068,
            0.8088904619216919,
            0,
            0.8157553672790527,
            0.8261308073997498,
            0.8053438663482666
        ],
        "config": {
            "temperature": 0.5
        }
    },
    "gemini-2.5-flash-lite_{\"temperature\": 0.65}": {
        "results": [
            0,
            0.8149918913841248,
            0.8235882520675659,
            0.8134188652038574,
            0.8314968943595886,
            0.8273352384567261,
            0.8142090439796448,
            0.8117551207542419,
            0.821657121181488,
            0.8218699097633362,
            0.8144779801368713,
            0.8186226487159729,
            0.8210548162460327,
            0.815310001373291,
            0.8199338912963867,
            0.8213202357292175,
            0.8196287751197815,
            0.815534770488739,
            0.8238896131515503,
            0.8107552528381348,
            0.8281293511390686,
            0.8221608400344849,
            0.8158187866210938,
            0.8167509436607361,
            0.8279785513877869,
            0,
            0.829214334487915,
            0.8210015892982483,
            0.8196628093719482,
            0.8314365148544312,
            0.8241596817970276,
            0.8255022764205933,
            0.828345775604248,
            0.8176741003990173,
            0.8126575946807861,
            0.8318385481834412,
            0.8323711156845093,
            0.8164671659469604,
            0.8175275325775146,
            0.8207982778549194
        ],
        "config": {
            "temperature": 0.65
        }
    },
    "gemini-2.5-flash-lite_{\"temperature\": 0.8}": {
        "results": [
            0.8264220952987671,
            0.8111270666122437,
            0.8116517066955566,
            0.8228980302810669,
            0.8193585276603699,
            0.8122007250785828,
            0.8163058161735535,
            0.8151881694793701,
            0.8297045826911926,
            0.8147397041320801,
            0.8233115673065186,
            0.815424919128418,
            0.8336963057518005,
            0.8276382088661194,
            0.8136316537857056,
            0.809434175491333,
            0.8346259593963623,
            0.8114505410194397,
            0.8250922560691833,
            0.8190602660179138,
            0.8240488767623901,
            0.8313010931015015,
            0.8272336721420288,
            0.828110933303833,
            0.8227454423904419,
            0.8175680041313171,
            0.8266190886497498,
            0.8217311501502991,
            0.8227482438087463,
            0.8188609480857849,
            0.8144693374633789,
            0.8192480802536011,
            0,
            0.8152989745140076,
            0.8337324261665344,
            0.8195404410362244,
            0.8205841779708862,
            0.8235018849372864,
            0.8107283711433411,
            0.8278481364250183
        ],
        "config": {
            "temperature": 0.8
        }
    },
    "gemini-2.5-flash-lite_{\"temperature\": 0.95}": {
        "results": [
            0.830844521522522,
            0.8109538555145264,
            0.8193109631538391,
            0.8315615057945251,
            0.8257696628570557,
            0.826765239238739,
            0.828339159488678,
            0.8186289072036743,
            0.8325784802436829,
            0.813401997089386,
            0.8303024172782898,
            0.8195053935050964,
            0.8381308317184448,
            0.8275505900382996,
            0.8222212791442871,
            0.8203164339065552,
            0,
            0.8135849833488464,
            0.8255214095115662,
            0.8351043462753296,
            0,
            0.8283989429473877,
            0.823553204536438,
            0.8171195983886719,
            0.8226875066757202,
            0.8111572265625,
            0.8232241868972778,
            0.8163833618164062,
            0.8251835703849792,
            0.8174241185188293,
            0.814740002155304,
            0.8137595653533936,
            0.8203379511833191,
            0.8049835562705994,
            0.829598069190979,
            0.804709255695343,
            0.8231543898582458,
            0.824093759059906,
            0.8215792775154114,
            0.820320188999176
        ],
        "config": {
            "temperature": 0.95
        }
    },
    "gemini-2.5-flash-lite_{\"temperature\": 1.1}": {
        "results": [
            0.8202551007270813,
            0.8103981614112854,
            0.8253191709518433,
            0.8180222511291504,
            0,
            0.8199319839477539,
            0.8169970512390137,
            0.8241081833839417,
            0.8247871398925781,
            0.8194076418876648,
            0.8321345448493958,
            0.8192684054374695,
            0.8269960880279541,
            0.8156887888908386,
            0.8182673454284668,
            0.8246665596961975,
            0.8239880800247192,
            0.8128334283828735,
            0.8278952240943909,
            0.826032817363739,
            0.8198540806770325,
            0.8364803194999695,
            0.8217545747756958,
            0.8238617777824402,
            0.8268018960952759,
            0.8116952776908875,
            0.8352755308151245,
            0.8052346110343933,
            0.8241056203842163,
            0.8227939605712891,
            0.8300200700759888,
            0.8202353119850159,
            0.8233498334884644,
            0.8070545196533203,
            0.8180407285690308,
            0.8256281018257141,
            0.8249300122261047,
            0.8234537243843079,
            0.8246438503265381,
            0.8105525970458984
        ],
        "config": {
            "temperature": 1.1
        }
    },