{
    "claude-sonnet-4-20250514_{\"temperature\": 1}": {
        "results": [
            0.8240825533866882,
            0.8292226791381836,
            0.8382270932197571,
            0.8273125886917114,
            0.8259942531585693,
            0.8293440341949463,
            0.825701892375946,
            0.8348237872123718,
            0.8315687775611877,
            0.8199137449264526,
            0.8315642476081848,
            0.8135800361633301,
            0.8264697790145874,
            0.8370407223701477,
            0.8316795229911804,
            0.8286150097846985,
            0.839393138885498,
            0.8289249539375305,
            0.8307778835296631,
            0.8197609782218933,
            0.8321382999420166,
            0.8304910659790039,
            0.827406644821167,
            0.8299620747566223,
            0.8272692561149597,
            0.8280341029167175,
            0.8273475170135498,
            0.8277310132980347,
            0.8310083150863647,
            0.8304957747459412,
            0.8312714099884033,
            0.8243138790130615,
            0.8182436227798462,
            0.8217610120773315,
            0.8433279395103455,
            0.8227126002311707,
            0.8042812943458557,
            0.8170761466026306,
            0.8120680451393127,
            0,
            0.8073988556861877,
            0.8249779343605042,
            0.8166303634643555,
            0.8112740516662598,
            0.7994990944862366,
            0.8282756805419922,
            0.8216869831085205,
            0.8083454966545105,
            0.8245647549629211,
            0.827444314956665,
            0.835527241230011,
            0.8275195956230164,
            0.8268848657608032,
            0.8300127983093262,
            0.8354992866516113,
            0.8295116424560547,
            0.8272688388824463,
            0.8262972831726074,
            0.8276194334030151,
            0.8285477757453918,
            0.8173948526382446,
            0.8295858502388,
            0.8284978270530701,
            0.8243040442466736,
            0.8344936966896057,
            0.8234837651252747,
            0.835086464881897,
            0.8239095211029053,
            0.8265511393547058,
            0.8375282883644104,
            0.8232545256614685,
            0.8343334197998047,
            0.8262924551963806,
            0.8176525235176086,
            0.8275285959243774,
            0.8220861554145813,
            0.8281394243240356,
            0.833095133304596,
            0.8332938551902771,
            0.8303560614585876,
            0.8078476190567017,
            0.8138412833213806,
            0.8282927870750427,
            0.8213332295417786,
            0.8131897449493408,
            0.8229444026947021,
            0.8092229962348938,
            0,
            0.7981273531913757,
            0.8164418339729309,
            0.8111602663993835,
            0.8100524544715881,
            0.8175278306007385,
            0.828758955001831,
            0.8266482949256897,
            0.8067166805267334
        ],
        "config": {
            "temperature": 1
        }
    },
    "gpt-5_{\"temperature\": 1}": {
        "results": [
            0.8286339044570923,
            0.8244059681892395,
            0.8385348320007324,
            0.8351538181304932,
            0.8276663422584534,
            0.8358545899391174,
            0.8218190670013428,
            0.8330409526824951,
            0.8090379238128662,
            0.8197571039199829,
            0.8218982815742493,
            0.8189470767974854,
            0.8193749785423279,
            0.824571430683136,
            0.8111448884010315,
            0.8250420093536377,
            0.8285620808601379,
            0.8298546075820923,
            0.8309862017631531,
            0.8256366848945618,
            0.830255389213562,
            0.8375892639160156,
            0.8329160809516907,
            0.8355740308761597,
            0.8261935710906982,
            0.8328408598899841,
            0.8311736583709717,
            0.8217764496803284,
            0.8250118494033813,
            0.8309777975082397,
            0.8338534235954285,
            0.8308969140052795,
            0.8277353644371033,
            0.8232109546661377,
            0.8259613513946533,
            0.8179945945739746,
            0.824030876159668,
            0.8400091528892517,
            0.8301997184753418,
            0.823895275592804,
            0.8232176899909973,
            0.8118522763252258,
            0.8291512131690979,
            0.8139467835426331,
            0.8143842220306396,
            0.8307120203971863,
            0.8214632272720337,
            0.8268883228302002,
            0.8329147100448608,
            0.8265402913093567,
            0.8353738784790039,
            0.8343957662582397,
            0.8338595628738403,
            0.8291885256767273,
            0.8378450870513916,
            0.8363541960716248,
            0.8219683766365051,
            0.822969377040863,
            0.8245481252670288,
            0.8157662749290466,
            0.8133578896522522,
            0.832387387752533,
            0.8219451904296875,
            0.8091569542884827,
            0.8219422101974487,
            0.8300808668136597,
            0.8294146060943604,
            0.8300617933273315,
            0.8242999911308289,
            0.8297482132911682,
            0.8264639377593994,
            0.8267438411712646,
            0.8178275227546692,
            0.8196021318435669,
            0.8324857950210571,
            0.8300008773803711,
            0.8287479281425476,
            0.8283501267433167,
            0.8351869583129883,
            0.8263673782348633,
            0.8135563731193542,
            0.8274397253990173,
            0.835030198097229,
            0.8231185674667358,
            0.8232443928718567,
            0.8247376680374146,
            0.8228573203086853,
            0,
            0.826579749584198,
            0.8167965412139893,
            0.8385260105133057,
            0.8128980398178101,
            0.8312081098556519,
            0.8248602151870728,
            0.8269117474555969,
            0.8282070159912109
        ],
        "config": {
            "temperature": 1
        }
    }
}