{
    "gemini-2.5-flash_{\"temperature\": 1}": {
        "results": [
            0.8313789963722229,
            0.8157196640968323,
            0.8157895803451538,
            0.8253809809684753,
            0.8315364718437195,
            0.8234098553657532,
            0.8338532447814941,
            0.8206508159637451,
            0.8151202201843262,
            0.8263815641403198,
            0.8289231061935425,
            0.8210321664810181,
            0.8159571290016174,
            0.8339393734931946,
            0.8234646916389465,
            0.8253036737442017,
            0.8246020078659058,
            0.8111906051635742,
            0.8305553197860718,
            0.830239474773407,
            0.8281426429748535,
            0.8259215950965881,
            0.8239377737045288,
            0.8410055041313171,
            0.8266394138336182,
            0.8186768293380737,
            0.8356653451919556,
            0.8257918357849121,
            0.8188285827636719,
            0.8199658989906311,
            0.8202502131462097,
            0.805205762386322,
            0.8245515823364258,
            0.809144914150238,
            0.8296073079109192,
            0.8318284749984741,
            0.8224111199378967,
            0.8294826745986938,
            0.8158103227615356,
            0,
            0.8017466068267822,
            0.8104293346405029,
            0.8295542001724243,
            0.8184235692024231,
            0.8126040101051331,
            0.8174412250518799,
            0.8248064517974854,
            0.8260589838027954
        ],
        "config": {
            "temperature": 1
        }
    },
    "gemini-2.5-flash-lite_{\"temperature\": 1}": {
        "results": [
            0.8130976557731628,
            0.8098179697990417,
            0.825030505657196,
            0.8262668251991272,
            0.8206241130828857,
            0.8204381465911865,
            0.8149895668029785,
            0.8243122100830078,
            0.8165790438652039,
            0.7972471117973328,
            0.8145336508750916,
            0.8011226058006287,
            0.813217043876648,
            0.8092872500419617,
            0.8097862601280212,
            0.8021566271781921,
            0.8375740647315979,
            0.8089640140533447,
            0.8232977986335754,
            0.8388098478317261,
            0.8193020820617676,
            0.8055869340896606,
            0.8224692940711975,
            0.8144551515579224,
            0.8127468824386597,
            0,
            0.8249015808105469,
            0.8284897804260254,
            0.8255214691162109,
            0.8129947781562805,
            0.8154401779174805,
            0.8068669438362122,
            0.8226279616355896,
            0.8066189885139465,
            0.8235018849372864,
            0.8206278681755066,
            0.8190630674362183,
            0.8071863651275635,
            0.8148234486579895,
            0,
            0.8083295822143555,
            0.7931479811668396,
            0.8020809292793274,
            0.8035910725593567,
            0.8126611113548279,
            0.8317726254463196,
            0.8175987005233765,
            0.8270463347434998
        ],
        "config": {
            "temperature": 1
        }
    },
    "gemini-2.0-flash_{\"temperature\": 1}": {
        "results": [
            0.8276336193084717,
            0.8103262782096863,
            0.8293320536613464,
            0.823911726474762,
            0.8331572413444519,
            0.8257645964622498,
            0.8232405185699463,
            0.8088486790657043,
            0.8142368793487549,
            0.8082045316696167,
            0.8126997947692871,
            0.8228623867034912,
            0.8118603825569153,
            0.8233499526977539,
            0.8180885910987854,
            0.8034855723381042,
            0.8313578367233276,
            0.8134501576423645,
            0.8302513957023621,
            0.8255375623703003,
            0.82093745470047,
            0.8372623920440674,
            0.8225670456886292,
            0.8261775374412537,
            0.8236802220344543,
            0.811019241809845,
            0.8257874250411987,
            0.8174493908882141,
            0.8285279273986816,
            0.8214155435562134,
            0.8077322840690613,
            0.8153162002563477,
            0.8102816343307495,
            0.7952159643173218,
            0.8172017335891724,
            0.8372630476951599,
            0.8200990557670593,
            0.8203912973403931,
            0,
            0,
            0.8211485743522644,
            0.7967490553855896,
            0.8138673901557922,
            0.8063957691192627,
            0.8124161958694458,
            0.8154963254928589,
            0.80918288230896,
            0.8168403506278992
        ],
        "config": {
            "temperature": 1
        }
    },
    "gemini-2.0-flash-lite_{\"temperature\": 1}": {
        "results": [
            0.8137916922569275,
            0.8204343318939209,
            0.8152222037315369,
            0.8109633326530457,
            0.8215655088424683,
            0.819525420665741,
            0.8134119510650635,
            0.8235055208206177,
            0.8068784475326538,
            0.7939768433570862,
            0.8136667609214783,
            0.8119229674339294,
            0.8172976970672607,
            0.8167913556098938,
            0.8187412023544312,
            0.8096464276313782,
            0.8102995753288269,
            0.8013386726379395,
            0.8181467652320862,
            0.8113045692443848,
            0.8272491097450256,
            0.8100111484527588,
            0.8283006548881531,
            0.8214279413223267,
            0.8167842626571655,
            0.8050674796104431,
            0.8287298083305359,
            0.8079612851142883,
            0.816490888595581,
            0.8065171837806702,
            0.8169288039207458,
            0.8167055249214172,
            0.8186072707176208,
            0.7922118306159973,
            0.8061738014221191,
            0.8147314190864563,
            0,
            0.7974181771278381,
            0.8171946406364441,
            0,
            0.8072305917739868,
            0.8016380071640015,
            0.8089103698730469,
            0.8139750361442566,
            0.8224345445632935,
            0.8139950633049011,
            0.8109888434410095,
            0.8070588111877441
        ],
        "config": {
            "temperature": 1
        }
    },