{
    "gemini-2.5-flash_{\"temperature\": 0.5, \"thinking_config\": {\"thinking_budget\": 0}}": {
        "GloVe": [
            3.6471963569893497,
            78.39945240275445
        ],
        "BERT_WordEmbeddings_L6": [
            59.63932889137414,
            81.64989339339203
        ],
        "BERT_WordEmbeddings_L7": [
            59.63932889137414,
            81.64989339339203
        ],
        "config": {
            "temperature": 0.5,
            "thinking_config": {
                "thinking_budget": 0
            }
        }
    },
    "gemini-2.5-flash_{\"temperature\": 1, \"thinking_config\": {\"thinking_budget\": 0}}": {
        "GloVe": [
            29.593747426175742,
            5.6312937515128585
        ],
        "BERT_WordEmbeddings_L6": [
            70.18077567169865,
            47.620101457329675
        ],
        "BERT_WordEmbeddings_L7": [
            70.18077567169865,
            47.620101457329675
        ],
        "config": {
            "temperature": 1,
            "thinking_config": {
                "thinking_budget": 0
            }
        }
    },
    "gemini-2.5-flash_{\"temperature\": 1.5, \"thinking_config\": {\"thinking_budget\": 0}}": {
        "GloVe": [
            44.485957134897575,
            39.63355103765992
        ],
        "BERT_WordEmbeddings_L6": [
            47.73400140974455,
            3.258804091146224
        ],
        "BERT_WordEmbeddings_L7": [
            47.73400140974455,
            3.258804091146224
        ],
        "config": {
            "temperature": 1.5,
            "thinking_config": {
                "thinking_budget": 0
            }
        }
    },
    "gemini-2.5-flash_{\"temperature\": 0.5, \"thinking_config\": {\"thinking_budget\": 1000}}": {
        "GloVe": [
            15.680287365460256,
            81.1328621547043
        ],
        "BERT_WordEmbeddings_L6": [
            58.05787355750815,
            31.30465830622426
        ],
        "BERT_WordEmbeddings_L7": [
            58.05787355750815,
            31.30465830622426
        ],
        "config": {
            "temperature": 0.5,
            "thinking_config": {
                "thinking_budget": 1000
            }
        }
    },
    "gemini-2.5-flash_{\"temperature\": 1, \"thinking_config\": {\"thinking_budget\": 1000}}": {
        "GloVe": [
            60.564946649691386,
            90.71900976183456
        ],
        "BERT_WordEmbeddings_L6": [
            86.40085660039422,
            94.21602949483623
        ],
        "BERT_WordEmbeddings_L7": [
            86.40085660039422,
            94.21602949483623
        ],
        "config": {
            "temperature": 1,
            "thinking_config": {
                "thinking_budget": 1000
            }
        }
    },
    "gemini-2.5-flash_{\"temperature\": 1.5, \"thinking_config\": {\"thinking_budget\": 1000}}": {
        "GloVe": [
            3.929114004719007,
            76.47367935785124
        ],
        "BERT_WordEmbeddings_L6": [
            0.635610699340467,
            23.921315825339708
        ],
        "BERT_WordEmbeddings_L7": [
            0.635610699340467,
            23.921315825339708
        ],
        "config": {
            "temperature": 1.5,
            "thinking_config": {
                "thinking_budget": 1000
            }
        }
    },
    "gemini-2.5-flash_{\"temperature\": 0.5, \"thinking_config\": {\"thinking_budget\": 2000}}": {
        "GloVe": [
            79.53528384172661,
            69.73555899319163
        ],
        "BERT_WordEmbeddings_L6": [
            80.66323077059502,
            58.46219877288207
        ],
        "BERT_WordEmbeddings_L7": [
            80.66323077059502,
            58.46219877288207
        ],
        "config": {
            "temperature": 0.5,
            "thinking_config": {
                "thinking_budget": 2000
            }
        }
    },
    "gemini-2.5-flash_{\"temperature\": 1, \"thinking_config\": {\"thinking_budget\": 2000}}": {
        "GloVe": [
            50.31371102238846,
            84.52952436094088
        ],
        "BERT_WordEmbeddings_L6": [
            79.88802561040144,
            56.393593152910846
        ],
        "BERT_WordEmbeddings_L7": [
            79.88802561040144,
            56.393593152910846
        ],
        "config": {
            "temperature": 1,
            "thinking_config": {
                "thinking_budget": 2000
            }
        }
    },
    "gemini-2.5-flash_{\"temperature\": 1.5, \"thinking_config\": {\"thinking_budget\": 2000}}": {
        "GloVe": [
            28.16779081126065,
            90.55311679452846
        ],
        "BERT_WordEmbeddings_L6": [
            55.097195240471834,
            13.384434955601682
        ],
        "BERT_WordEmbeddings_L7": [
            55.097195240471834,
            13.384434955601682
        ],
        "config": {
            "temperature": 1.5,
            "thinking_config": {
                "thinking_budget": 2000
            }
        }
    }
}